old url,new url
http://research.dwp.gov.uk/asd/asd5/,https://www.gov.uk/government/organisations/department-for-work-pensions/about/research
http://research.dwp.gov.uk/asd/asd5/agepositive.asp ,https://www.gov.uk/government/organisations/department-for-work-pensions/about/research
http://research.dwp.gov.uk/asd/asd5/agepositive2010.asp,https://www.gov.uk/government/publications/older-workers-statistical-information-booklet-quarter-2-2010
http://research.dwp.gov.uk/asd/asd5/agepositive2011.asp,https://www.gov.uk/government/publications/older-workers-statistical-information-booklet-quarter-2-2011
http://research.dwp.gov.uk/asd/asd5/agepositiveindex.asp ,https://www.gov.uk/government/organisations/department-for-work-pensions/about/research
http://research.dwp.gov.uk/asd/asd5/branch.asp ,https://www.gov.uk/government/organisations/department-for-work-pensions/about/research
http://research.dwp.gov.uk/asd/asd5/forthcoming.asp ,https://www.gov.uk/government/organisations/department-for-work-pensions/about/research
http://research.dwp.gov.uk/asd/asd5/framework_contacts.asp  ,https://www.gov.uk/government/organisations/department-for-work-pensions/about/research
http://research.dwp.gov.uk/asd/asd5/framework_contract_notices.asp,https://www.gov.uk/government/organisations/department-for-work-pensions/about/research
http://research.dwp.gov.uk/asd/asd5/ih2013-2014/ihr14.pdf,https://www.gov.uk/government/uploads/system/uploads/attachment_data/file/182872/ihr14.pdf.pdf
http://research.dwp.gov.uk/asd/asd5/ihr2012-2013/ihr13.pdf,https://www.gov.uk/government/uploads/system/uploads/attachment_data/file/182854/ihr13.pdf.pdf
http://research.dwp.gov.uk/asd/asd5/report_abstracts/ihr_abstracts/ihr_001.asp,https://www.gov.uk/government/publications/customer-experience-of-the-future-jobs-fund-in-house-research-no-1
http://research.dwp.gov.uk/asd/asd5/report_abstracts/ihr_abstracts/ihr_002.asp,https://www.gov.uk/government/publications/evaluation-of-the-jobcentre-plus-intensive-activity-trial-in-house-research-no-2
http://research.dwp.gov.uk/asd/asd5/report_abstracts/ihr_abstracts/ihr_003.asp,https://www.gov.uk/government/publications/early-impacts-of-the-european-social-fund-2007-to-2013-in-house-research-no-3
http://research.dwp.gov.uk/asd/asd5/report_abstracts/ihr_abstracts/ihr_004.asp,https://www.gov.uk/government/publications/right-to-bid-letter-on-demand-evaluation-in-house-research-no-4
http://research.dwp.gov.uk/asd/asd5/report_abstracts/ihr_abstracts/ihr_005.asp,https://www.gov.uk/government/publications/european-social-fund-operational-programme-2007-to-2013-synthesis-of-evidence-from-the-first-half-of-the-programme
http://research.dwp.gov.uk/asd/asd5/report_abstracts/ihr_abstracts/ihr_006.asp,https://www.gov.uk/government/publications/work-choice-evaluation-in-house-research-no-6
http://research.dwp.gov.uk/asd/asd5/report_abstracts/ihr_abstracts/ihr_007.asp,https://www.gov.uk/government/publications/attitudes-to-age-in-britain-201011-in-house-research-no-7
http://research.dwp.gov.uk/asd/asd5/report_abstracts/ihr_abstracts/ihr_008.asp,https://www.gov.uk/government/publications/review-of-50-plus-works-good-practice-guide-and-toolkit-in-house-research-no-8
http://research.dwp.gov.uk/asd/asd5/report_abstracts/ihr_abstracts/ihr_009.asp,https://www.gov.uk/government/publications/european-social-fund-2007-to-2010-in-house-research-no-9
http://research.dwp.gov.uk/asd/asd5/report_abstracts/ihr_abstracts/ihr_010.asp,https://www.gov.uk/government/publications/supplementary-review-to-assess-the-impact-of-the-workplace-pension-reforms-on-household-savings-in-house-research-no10
http://research.dwp.gov.uk/asd/asd5/report_abstracts/ihr_abstracts/ihr_011.asp ,https://www.gov.uk/government/publications/how-ready-is-jobcentre-plus-to-help-people-in-their-60s-find-work-ihr11
http://research.dwp.gov.uk/asd/asd5/report_abstracts/ihr_abstracts/ihr_012.asp,https://www.gov.uk/government/publications/working-age-claimants-with-complex-needs-in-house-research-no-12
http://research.dwp.gov.uk/asd/asd5/report_abstracts/ihr_abstracts/ihr_013.asp,https://www.gov.uk/government/publications/extending-working-life-sector-initiative
http://research.dwp.gov.uk/asd/asd5/report_abstracts/ihr_abstracts/ihr_014.asp,https://www.gov.uk/government/publications/understanding-material-deprivation-among-older-people-ihr14
http://research.dwp.gov.uk/asd/asd5/report_abstracts/rr_abstracts/rra_709.asp,https://www.gov.uk/government/publications/european-social-fund-cohort-study-wave-2-rr709
http://research.dwp.gov.uk/asd/asd5/report_abstracts/rr_abstracts/rra_779.asp,https://www.gov.uk/government/publications/understanding-the-worklessness-dynamics-and-characteristics-of-deprived-areas-rr779
http://research.dwp.gov.uk/asd/asd5/report_abstracts/rr_abstracts/rra_780.asp,https://www.gov.uk/government/publications/an-evaluation-of-the-statement-of-fitness-for-work-qualitative-research-with-gps-rr780
http://research.dwp.gov.uk/asd/asd5/report_abstracts/rr_abstracts/rra_781.asp,https://www.gov.uk/government/publications/the-introduction-of-jobcentre-plus-an-evaluation-of-labour-market-impacts-rr781
http://research.dwp.gov.uk/asd/asd5/report_abstracts/rr_abstracts/rra_782.asp,https://www.gov.uk/government/publications/lone-parent-obligations-work-childcare-and-the-jobseekers-allowance-regime-rr782
http://research.dwp.gov.uk/asd/asd5/report_abstracts/rr_abstracts/rra_783.asp,https://www.gov.uk/government/publications/city-strategy-final-evaluation-rr783
http://research.dwp.gov.uk/asd/asd5/report_abstracts/rr_abstracts/rra_784.asp,https://www.gov.uk/government/publications/qualitative-study-of-offender-employment-review-final-report-rr784
http://research.dwp.gov.uk/asd/asd5/report_abstracts/rr_abstracts/rra_785.asp,https://www.gov.uk/government/publications/investigating-the-triggers-into-claiming-pension-credit-rr785
http://research.dwp.gov.uk/asd/asd5/report_abstracts/rr_abstracts/rra_786.asp,https://www.gov.uk/government/publications/active-at-60-final-report-of-local-evaluation-research-rr786
http://research.dwp.gov.uk/asd/asd5/report_abstracts/rr_abstracts/rra_787.asp,https://www.gov.uk/government/publications/a-simpler-state-pension-a-qualitative-study-to-explore-1-option-for-reform-rr787
http://research.dwp.gov.uk/asd/asd5/report_abstracts/rr_abstracts/rra_787.asp,https://www.gov.uk/government/publications/a-simpler-state-pension-a-qualitative-study-to-explore-1-option-for-reform-rr787
http://research.dwp.gov.uk/asd/asd5/report_abstracts/rr_abstracts/rra_788.asp,https://www.gov.uk/government/publications/decision-making-on-employment-and-support-allowance-claims-rr788
http://research.dwp.gov.uk/asd/asd5/report_abstracts/rr_abstracts/rra_789.asp,https://www.gov.uk/government/publications/pension-disability-and-carers-service-customer-survey-201011-annual-report-rr789
http://research.dwp.gov.uk/asd/asd5/report_abstracts/rr_abstracts/rra_791.asp,https://www.gov.uk/government/publications/destinations-of-jobseekers-allowance-income-support-and-employment-and-supportallowance-leavers-2011-rr791
http://research.dwp.gov.uk/asd/asd5/report_abstracts/rr_abstracts/rra_796.asp,https://www.gov.uk/government/publications/quantitative-evaluation-of-the-pension-credit-payment-study-rr796
http://research.dwp.gov.uk/asd/asd5/report_abstracts/rr_abstracts/rra_817.asp,https://www.gov.uk/government/publications/evaluation-of-the-european-social-fund-innovation-transnational-and-mainstreaming-projects-rr-817
http://research.dwp.gov.uk/asd/asd5/report_abstracts/rr_abstracts/rra_818.asp,https://www.gov.uk/government/publications/lone-parent-obligations-following-lone-parents-journeys-from-benefits-to-work-rr818
http://research.dwp.gov.uk/asd/asd5/report_abstracts/rr_abstracts/rra_826.asp,https://www.gov.uk/government/publications/evaluation-of-employment-advisers-in-the-improving-access-to-psychological-therapies-programme-rr826
http://research.dwp.gov.uk/asd/asd5/report_abstracts/rr_abstracts/rra_826.asp,https://www.gov.uk/government/publications/evaluation-of-employment-advisers-in-the-improving-access-to-psychological-therapies-programme-rr826
http://research.dwp.gov.uk/asd/asd5/report_abstracts/rr_abstracts/rra_827.asp,https://www.gov.uk/government/publications/pensioner-poverty-and-material-deprivation-rr827
http://research.dwp.gov.uk/asd/asd5/report_abstracts/rr_abstracts/rra_828.asp,https://www.gov.uk/government/publications/early-evaluation-of-the-youth-contract-wage-incentive-scheme-rr828
http://research.dwp.gov.uk/asd/asd5/report_abstracts/rr_abstracts/rra_829.asp,https://www.gov.uk/government/publications/self-employment-tax-credits-and-the-move-to-universal-credit-rr829
http://research.dwp.gov.uk/asd/asd5/report_abstracts/rr_abstracts/rra_830.asp,https://www.gov.uk/government/publications/employment-partnership-and-skills-rr830
http://research.dwp.gov.uk/asd/asd5/report_abstracts/rr_abstracts/rra_832.asp,https://www.gov.uk/government/publications/work-programme-evaluation-procurement-supply-chains-and-implementation-of-the-commissioning-model-rr832
http://research.dwp.gov.uk/asd/asd5/report_abstracts/rr_abstracts/rra_834.asp,https://www.gov.uk/government/publications/local-authority-insight-survey-wave-23-rr-834
http://research.dwp.gov.uk/asd/asd5/report_abstracts/rr_abstracts/rra_838.asp,https://www.gov.uk/government/publications/monitoring-the-impact-of-changes-to-the-local-housing-allowance-system-of-housing-benefit-interim-report-rr-838
http://research.dwp.gov.uk/asd/asd5/report_abstracts/rr_abstracts/rra_839.asp,https://www.gov.uk/government/publications/direct-payments-demonstration-projects-learning-the-lessons-6-months-in-rr-839
http://research.dwp.gov.uk/asd/asd5/report_abstracts/wp_abstracts/wpa_076.asp,https://www.gov.uk/government/publications/understanding-employer-satisfaction-with-dwp-working-paper-no-76
http://research.dwp.gov.uk/asd/asd5/report_abstracts/wp_abstracts/wpa_077.asp,https://www.gov.uk/government/publications/non-participation-in-the-employment-retention-and-advancement-study-working-paper-no-77
http://research.dwp.gov.uk/asd/asd5/report_abstracts/wp_abstracts/wpa_078.asp,https://www.gov.uk/government/publications/evaluation-of-the-care-first-careers-pilot-working-paper-no-78
http://research.dwp.gov.uk/asd/asd5/report_abstracts/wp_abstracts/wpa_080.asp,https://www.gov.uk/government/publications/attitudes-towards-the-pensions-advisory-service-website-working-paper-no-80
http://research.dwp.gov.uk/asd/asd5/report_abstracts/wp_abstracts/wpa_081.asp,https://www.gov.uk/government/publications/retirement-outcomes-and-life-time-earnings-working-paper-no-81
http://research.dwp.gov.uk/asd/asd5/report_abstracts/wp_abstracts/wpa_082.asp,https://www.gov.uk/government/publications/the-impact-of-research-on-the-policy-process-working-paper-no-82
http://research.dwp.gov.uk/asd/asd5/report_abstracts/wp_abstracts/wpa_106.asp,https://www.gov.uk/government/publications/a-validation-of-the-methodology-used-in-the-department-for-work-and-pensions-ipen-model-working-paper-no106
http://research.dwp.gov.uk/asd/asd5/report_abstracts/wp_abstracts/wpa_111.asp,https://www.gov.uk/government/publications/journey-from-education-to-work
http://research.dwp.gov.uk/asd/asd5/report_abstracts/wp_abstracts/wpa_112.asp,https://www.gov.uk/government/publications/wellbeing-and-civil-society-estimating-the-value-of-volunteering-using-subjective-wellbeing-data-wp112
http://research.dwp.gov.uk/asd/asd5/report_abstracts/wp_abstracts/wpa_113.asp,https://www.gov.uk/government/publications/provider-led-pathways-to-work-net-impacts-on-employment-and-benefits
http://research.dwp.gov.uk/asd/asd5/report_abstracts/wp_abstracts/wpa_114.asp,https://www.gov.uk/government/publications/a-survey-of-childcare-and-work-decisions-among-families-with-children
http://research.dwp.gov.uk/asd/asd5/report_abstracts/wp_abstracts/wpa_117.asp,https://www.gov.uk/government/publications/analysis-of-pension-reform-scenarios-in-a-rational-world-an-application-of-the-nibax-behavioural-micro-simulation-model-wp117
http://research.dwp.gov.uk/asd/asd5/report_subjects/subjects.asp,https://www.gov.uk/government/organisations/department-for-work-pensions/about/research
http://research.dwp.gov.uk/asd/asd5/rports2009-2010/rrep649appendices.pdf,https://www.gov.uk/government/uploads/system/uploads/attachment_data/file/138985/rrep649appendices.pdf.pdf
http://research.dwp.gov.uk/asd/asd5/rports2009-2010/rrep657appendices.pdf,https://www.gov.uk/government/uploads/system/uploads/attachment_data/file/138994/rrep657appendices.pdf.pdf
http://research.dwp.gov.uk/asd/asd5/rports2009-2010/rrep665.pdf,https://www.gov.uk/government/uploads/system/uploads/attachment_data/file/139002/rrep665.pdf.pdf
http://research.dwp.gov.uk/asd/asd5/rports2009-2010/rrep666.pdf,https://www.gov.uk/government/uploads/system/uploads/attachment_data/file/139003/rrep666.pdf.pdf
http://research.dwp.gov.uk/asd/asd5/rports2009-2010/rrep669.pdf,https://www.gov.uk/government/uploads/system/uploads/attachment_data/file/139006/rrep669.pdf.pdf
http://research.dwp.gov.uk/asd/asd5/rports2009-2010/rrep670.pdf,https://www.gov.uk/government/uploads/system/uploads/attachment_data/file/139007/rrep670.pdf.pdf
http://research.dwp.gov.uk/asd/asd5/rports2009-2010/rrep670techapp.pdf,https://www.gov.uk/government/uploads/system/uploads/attachment_data/file/139008/rrep670techapp.pdf.pdf
http://research.dwp.gov.uk/asd/asd5/rports2009-2010/rrep671.pdf,https://www.gov.uk/government/uploads/system/uploads/attachment_data/file/139009/rrep671.pdf.pdf
http://research.dwp.gov.uk/asd/asd5/rports2009-2010/rrep672.pdf,https://www.gov.uk/government/uploads/system/uploads/attachment_data/file/139010/rrep672.pdf.pdf
http://research.dwp.gov.uk/asd/asd5/rports2009-2010/rrep675.pdf,https://www.gov.uk/government/uploads/system/uploads/attachment_data/file/139013/rrep675.pdf.pdf
http://research.dwp.gov.uk/asd/asd5/rports2009-2010/rrep676.pdf,https://www.gov.uk/government/uploads/system/uploads/attachment_data/file/139014/rrep676.pdf.pdf
http://research.dwp.gov.uk/asd/asd5/rports2009-2010/rrep677.pdf,https://www.gov.uk/government/uploads/system/uploads/attachment_data/file/139015/rrep677.pdf.pdf
http://research.dwp.gov.uk/asd/asd5/rports2009-2010/rrep678.pdf,https://www.gov.uk/government/uploads/system/uploads/attachment_data/file/139016/rrep678.pdf.pdf
http://research.dwp.gov.uk/asd/asd5/rports2009-2010/rrep679.pdf,https://www.gov.uk/government/uploads/system/uploads/attachment_data/file/139017/rrep679.pdf.pdf
http://research.dwp.gov.uk/asd/asd5/rports2009-2010/rrep680.pdf,https://www.gov.uk/government/uploads/system/uploads/attachment_data/file/139018/rrep680.pdf.pdf
http://research.dwp.gov.uk/asd/asd5/rports2009-2010/rrep681.pdf,https://www.gov.uk/government/uploads/system/uploads/attachment_data/file/139019/rrep681.pdf.pdf
http://research.dwp.gov.uk/asd/asd5/rports2009-2010/rrep682.pdf,https://www.gov.uk/government/uploads/system/uploads/attachment_data/file/139020/rrep682.pdf.pdf
http://research.dwp.gov.uk/asd/asd5/rports2009-2010/rrep683.pdf,https://www.gov.uk/government/uploads/system/uploads/attachment_data/file/139021/rrep683.pdf.pdf
http://research.dwp.gov.uk/asd/asd5/rports2009-2010/rrep685techapp.pdf,https://www.gov.uk/government/uploads/system/uploads/attachment_data/file/139024/rrep685techapp.pdf.pdf
http://research.dwp.gov.uk/asd/asd5/rports2009-2010/rrep686.pdf,https://www.gov.uk/government/uploads/system/uploads/attachment_data/file/139025/rrep686.pdf.pdf
http://research.dwp.gov.uk/asd/asd5/rports2009-2010/rrep687.pdf,https://www.gov.uk/government/uploads/system/uploads/attachment_data/file/139026/rrep687.pdf.pdf
http://research.dwp.gov.uk/asd/asd5/rports2009-2010/rrep688.pdf,https://www.gov.uk/government/uploads/system/uploads/attachment_data/file/139027/rrep688.pdf.pdf
http://research.dwp.gov.uk/asd/asd5/rports2009-2010/rrep689.pdf,https://www.gov.uk/government/uploads/system/uploads/attachment_data/file/139028/rrep689.pdf.pdf
http://research.dwp.gov.uk/asd/asd5/rports2009-2010/rrep690.pdf,https://www.gov.uk/government/uploads/system/uploads/attachment_data/file/139029/rrep690.pdf.pdf
http://research.dwp.gov.uk/asd/asd5/rports2009-2010/rrep691techapp.pdf,https://www.gov.uk/government/uploads/system/uploads/attachment_data/file/139031/rrep691techapp.pdf.pdf
http://research.dwp.gov.uk/asd/asd5/rports2009-2010/rrep692.pdf,https://www.gov.uk/government/uploads/system/uploads/attachment_data/file/139032/rrep692.pdf.pdf
http://research.dwp.gov.uk/asd/asd5/rports2009-2010/rrep694.pdf,https://www.gov.uk/government/uploads/system/uploads/attachment_data/file/139034/rrep694.pdf.pdf
http://research.dwp.gov.uk/asd/asd5/rports2009-2010/rrep694appendix.pdf,https://www.gov.uk/government/uploads/system/uploads/attachment_data/file/193708/rrep694appendix.pdf
http://research.dwp.gov.uk/asd/asd5/rports2009-2010/rrep696.pdf,https://www.gov.uk/government/uploads/system/uploads/attachment_data/file/139037/rrep696.pdf.pdf
http://research.dwp.gov.uk/asd/asd5/rports2009-2010/rrep697.pdf,https://www.gov.uk/government/uploads/system/uploads/attachment_data/file/139038/rrep697.pdf.pdf
http://research.dwp.gov.uk/asd/asd5/rports2009-2010/rrep699.pdf,https://www.gov.uk/government/uploads/system/uploads/attachment_data/file/139042/rrep699.pdf.pdf
http://research.dwp.gov.uk/asd/asd5/rports2009-2010/rrep699techapp.pdf,https://www.gov.uk/government/uploads/system/uploads/attachment_data/file/193888/rrep699techapp.pdf
http://research.dwp.gov.uk/asd/asd5/rports2009-2010/rrep700.pdf,https://www.gov.uk/government/uploads/system/uploads/attachment_data/file/139044/rrep700.pdf.pdf
http://research.dwp.gov.uk/asd/asd5/rports2009-2010/rrep702.pdf,https://www.gov.uk/government/uploads/system/uploads/attachment_data/file/139047/rrep702.pdf.pdf
http://research.dwp.gov.uk/asd/asd5/rports2009-2010/rrep703.pdf,https://www.gov.uk/government/uploads/system/uploads/attachment_data/file/139048/rrep703.pdf.pdf
http://research.dwp.gov.uk/asd/asd5/rports2009-2010/rrep704.pdf,https://www.gov.uk/government/uploads/system/uploads/attachment_data/file/139049/rrep704.pdf.pdf
http://research.dwp.gov.uk/asd/asd5/rports2009-2010/rrep706.pdf,https://www.gov.uk/government/uploads/system/uploads/attachment_data/file/139051/rrep706.pdf.pdf
http://research.dwp.gov.uk/asd/asd5/rports2009-2010/rrep707.pdf,https://www.gov.uk/government/uploads/system/uploads/attachment_data/file/139052/rrep707.pdf.pdf
http://research.dwp.gov.uk/asd/asd5/rports2009-2010/rrep708.pdf,https://www.gov.uk/government/uploads/system/uploads/attachment_data/file/139053/rrep708.pdf.pdf
http://research.dwp.gov.uk/asd/asd5/rports2009-2010/rrep709.pdf,https://www.gov.uk/government/uploads/system/uploads/attachment_data/file/139054/rrep709.pdf.pdf
http://research.dwp.gov.uk/asd/asd5/rports2009-2010/rrep709techrep.pdf,https://www.gov.uk/government/uploads/system/uploads/attachment_data/file/139055/rrep709techrep.pdf.pdf
http://research.dwp.gov.uk/asd/asd5/rports2009-2010/rrep710.pdf,https://www.gov.uk/government/uploads/system/uploads/attachment_data/file/139056/rrep710.pdf.pdf
http://research.dwp.gov.uk/asd/asd5/rports2009-2010/rrep712.pdf,https://www.gov.uk/government/uploads/system/uploads/attachment_data/file/139058/rrep712.pdf.pdf
http://research.dwp.gov.uk/asd/asd5/rports2009-2010/rrep713.pdf,https://www.gov.uk/government/uploads/system/uploads/attachment_data/file/139059/rrep713.pdf.pdf
http://research.dwp.gov.uk/asd/asd5/rports2009-2010/rrep714.pdf,https://www.gov.uk/government/uploads/system/uploads/attachment_data/file/139060/rrep714.pdf.pdf
http://research.dwp.gov.uk/asd/asd5/rports2009-2010/rrep715.pdf,https://www.gov.uk/government/uploads/system/uploads/attachment_data/file/139061/rrep715.pdf.pdf
http://research.dwp.gov.uk/asd/asd5/rports2009-2010/rrep716.pdf,https://www.gov.uk/government/uploads/system/uploads/attachment_data/file/139062/rrep716.pdf.pdf
http://research.dwp.gov.uk/asd/asd5/rports2009-2010/rrep717.pdf,https://www.gov.uk/government/uploads/system/uploads/attachment_data/file/139063/rrep717.pdf.pdf
http://research.dwp.gov.uk/asd/asd5/rports2009-2010/rrep718.pdf,https://www.gov.uk/government/uploads/system/uploads/attachment_data/file/139064/rrep718.pdf.pdf
http://research.dwp.gov.uk/asd/asd5/rports2011-2012/rrep720.pdf,https://www.gov.uk/government/uploads/system/uploads/attachment_data/file/139066/rrep720.pdf.pdf
http://research.dwp.gov.uk/asd/asd5/rports2011-2012/rrep771techrep.pdf,https://www.gov.uk/government/uploads/system/uploads/attachment_data/file/139123/rrep771techrep.pdf.pdf
http://research.dwp.gov.uk/asd/asd5/rports2011-2012/rrep775appendices.pdf,https://www.gov.uk/government/uploads/system/uploads/attachment_data/file/139128/rrep775appendices.pdf.pdf
http://research.dwp.gov.uk/asd/asd5/rports2011-2012/rrep777.pdf,https://www.gov.uk/government/uploads/system/uploads/attachment_data/file/138875/rrep777.pdf.pdf
http://research.dwp.gov.uk/asd/asd5/rports2011-2012/rrep777app.pdf,https://www.gov.uk/government/uploads/system/uploads/attachment_data/file/138876/rrep777app.pdf.pdf
http://research.dwp.gov.uk/asd/asd5/rports2011-2012/rrep789.pdf,https://www.gov.uk/government/uploads/system/uploads/attachment_data/file/193477/rrep798.pdf
http://research.dwp.gov.uk/asd/asd5/rports2011-2012/rrep799.pdf,https://www.gov.uk/government/uploads/system/uploads/attachment_data/file/192592/rrep799.pdf
http://research.dwp.gov.uk/asd/asd5/rports2011-2012/rrep800.pdf,https://www.gov.uk/government/uploads/system/uploads/attachment_data/file/193471/rrep800.pdf
http://research.dwp.gov.uk/asd/asd5/rports2011-2012/rrep800tech.pdf,https://www.gov.uk/government/uploads/system/uploads/attachment_data/file/138883/rrep800tech.pdf.pdf
http://research.dwp.gov.uk/asd/asd5/rports2011-2012/rrep801.pdf,https://www.gov.uk/government/uploads/system/uploads/attachment_data/file/193469/rrep801.pdf
http://research.dwp.gov.uk/asd/asd5/rports2011-2012/rrep802.pdf,https://www.gov.uk/government/uploads/system/uploads/attachment_data/file/193460/rrep802.pdf
http://research.dwp.gov.uk/asd/asd5/rports2011-2012/rrep803.pdf,https://www.gov.uk/government/uploads/system/uploads/attachment_data/file/193454/rrep803.pdf
http://research.dwp.gov.uk/asd/asd5/rports2011-2012/rrep804.pdf,https://www.gov.uk/government/uploads/system/uploads/attachment_data/file/193451/rrep804.pdf
http://research.dwp.gov.uk/asd/asd5/rports2011-2012/rrep805.pdf,https://www.gov.uk/government/uploads/system/uploads/attachment_data/file/193442/rrep805.pdf
http://research.dwp.gov.uk/asd/asd5/rports2011-2012/rrep806.pdf,https://www.gov.uk/government/uploads/system/uploads/attachment_data/file/193438/rrep806.pdf
http://research.dwp.gov.uk/asd/asd5/rports2011-2012/rrep807.pdf,https://www.gov.uk/government/uploads/system/uploads/attachment_data/file/193436/rrep807.pdf
http://research.dwp.gov.uk/asd/asd5/rports2011-2012/rrep808.pdf,https://www.gov.uk/government/uploads/system/uploads/attachment_data/file/193416/rrep808.pdf
http://research.dwp.gov.uk/asd/asd5/rports2011-2012/rrep809.pdf,https://www.gov.uk/government/uploads/system/uploads/attachment_data/file/193404/rrep809.pdf
http://research.dwp.gov.uk/asd/asd5/rports2011-2012/rrep810.pdf,https://www.gov.uk/government/uploads/system/uploads/attachment_data/file/193392/rrep810.pdf
http://research.dwp.gov.uk/asd/asd5/rports2011-2012/rrep811.pdf,https://www.gov.uk/government/uploads/system/uploads/attachment_data/file/193390/rrep811.pdf
http://research.dwp.gov.uk/asd/asd5/rports2011-2012/rrep812.pdf,https://www.gov.uk/government/uploads/system/uploads/attachment_data/file/193381/rrep812.pdf
http://research.dwp.gov.uk/asd/asd5/rports2011-2012/rrep813.pdf,https://www.gov.uk/government/uploads/system/uploads/attachment_data/file/193372/rrep813.pdf
http://research.dwp.gov.uk/asd/asd5/rports2011-2012/rrep814.pdf,https://www.gov.uk/government/uploads/system/uploads/attachment_data/file/193342/rrep814.pdf
http://research.dwp.gov.uk/asd/asd5/rports2011-2012/rrep815.pdf,https://www.gov.uk/government/uploads/system/uploads/attachment_data/file/193339/rrep815.pdf
http://research.dwp.gov.uk/asd/asd5/rports2011-2012/rrep816.pdf,https://www.gov.uk/government/uploads/system/uploads/attachment_data/file/193336/rrep816.pdf
http://research.dwp.gov.uk/asd/asd5/rports2011-2012/rrep817.pdf,https://www.gov.uk/government/uploads/system/uploads/attachment_data/file/138917/rrep817.pdf.pdf
http://research.dwp.gov.uk/asd/asd5/rports2011-2012/rrep818.pdf,https://www.gov.uk/government/uploads/system/uploads/attachment_data/file/138919/rrep818.pdf.pdf
http://research.dwp.gov.uk/asd/asd5/rports2011-2012/rrep819.pdf,https://www.gov.uk/government/uploads/system/uploads/attachment_data/file/138921/rrep819.pdf.pdf
http://research.dwp.gov.uk/asd/asd5/rports2011-2012/rrep820.pdf,https://www.gov.uk/government/uploads/system/uploads/attachment_data/file/193320/rrep820.pdf
http://research.dwp.gov.uk/asd/asd5/rports2011-2012/rrep821.pdf,https://www.gov.uk/government/uploads/system/uploads/attachment_data/file/193323/rrep821.pdf
http://research.dwp.gov.uk/asd/asd5/rports2011-2012/rrep821techannex.pdf,https://www.gov.uk/government/uploads/system/uploads/attachment_data/file/193325/rrep821techannex.pdf
http://research.dwp.gov.uk/asd/asd5/rports2011-2012/rrep822.pdf,https://www.gov.uk/government/uploads/system/uploads/attachment_data/file/193327/rrep822.pdf
http://research.dwp.gov.uk/asd/asd5/rports2011-2012/rrep823.pdf,https://www.gov.uk/government/uploads/system/uploads/attachment_data/file/193330/rrep823.pdf
http://research.dwp.gov.uk/asd/asd5/rports2011-2012/rrep824.pdf,https://www.gov.uk/government/uploads/system/uploads/attachment_data/file/193333/rrep824.pdf
http://research.dwp.gov.uk/asd/asd5/rports2011-2012/rrep824techapp.pdf,https://www.gov.uk/government/uploads/system/uploads/attachment_data/file/138933/rrep824techapp.pdf.pdf
http://research.dwp.gov.uk/asd/asd5/rports2013-2014/rrep832tech_annex.pdf,https://www.gov.uk/government/uploads/system/uploads/attachment_data/file/197711/rrep832tech_annex.pdf
http://research.dwp.gov.uk/asd/asd5/rrs-index.asp,https://www.gov.uk/government/organisations/department-for-work-pensions/series/research-reports
http://research.dwp.gov.uk/asd/asd5/summ_index_2013_2014.asp,https://www.gov.uk/government/organisations/department-for-work-pensions/about/research
http://research.dwp.gov.uk/asd/asd5/summ2009-2010/640summ.pdf,https://www.gov.uk/government/uploads/system/uploads/attachment_data/file/194308/640summ.pdf
http://research.dwp.gov.uk/asd/asd5/summ2009-2010/641summ.pdf,https://www.gov.uk/government/uploads/system/uploads/attachment_data/file/194313/641summ.pdf
http://research.dwp.gov.uk/asd/asd5/summ2009-2010/642summ.pdf,https://www.gov.uk/government/uploads/system/uploads/attachment_data/file/194321/642summ.pdf
http://research.dwp.gov.uk/asd/asd5/summ2009-2010/643summ.pdf,https://www.gov.uk/government/uploads/system/uploads/attachment_data/file/194355/643summ.pdf
http://research.dwp.gov.uk/asd/asd5/summ2009-2010/644summ.pdf,https://www.gov.uk/government/uploads/system/uploads/attachment_data/file/194356/644summ.pdf
http://research.dwp.gov.uk/asd/asd5/summ2009-2010/645summ.pdf,https://www.gov.uk/government/uploads/system/uploads/attachment_data/file/194539/645summ.pdf
http://research.dwp.gov.uk/asd/asd5/summ2009-2010/646summ.pdf,https://www.gov.uk/government/uploads/system/uploads/attachment_data/file/195020/646summ.pdf
http://research.dwp.gov.uk/asd/asd5/summ2009-2010/647summ.pdf,https://www.gov.uk/government/uploads/system/uploads/attachment_data/file/195054/647summ.pdf
http://research.dwp.gov.uk/asd/asd5/summ2009-2010/648summ.pdf,https://www.gov.uk/government/uploads/system/uploads/attachment_data/file/194345/648summ.pdf
http://research.dwp.gov.uk/asd/asd5/summ2009-2010/649summ.pdf,https://www.gov.uk/government/uploads/system/uploads/attachment_data/file/194373/649summ.pdf
http://research.dwp.gov.uk/asd/asd5/summ2009-2010/650summ.pdf,https://www.gov.uk/government/uploads/system/uploads/attachment_data/file/194316/650summ.pdf
http://research.dwp.gov.uk/asd/asd5/summ2009-2010/651summ.pdf,https://www.gov.uk/government/uploads/system/uploads/attachment_data/file/194387/651summ.pdf
http://research.dwp.gov.uk/asd/asd5/summ2009-2010/652summ.pdf,https://www.gov.uk/government/uploads/system/uploads/attachment_data/file/194390/652summ.pdf
http://research.dwp.gov.uk/asd/asd5/summ2009-2010/653summ.pdf,https://www.gov.uk/government/uploads/system/uploads/attachment_data/file/194719/653summ.pdf
http://research.dwp.gov.uk/asd/asd5/summ2009-2010/654summ.pdf,https://www.gov.uk/government/uploads/system/uploads/attachment_data/file/194674/654summ.pdf
http://research.dwp.gov.uk/asd/asd5/summ2009-2010/655summ.pdf,https://www.gov.uk/government/uploads/system/uploads/attachment_data/file/195040/655summ.pdf
http://research.dwp.gov.uk/asd/asd5/summ2009-2010/656summ.pdf,https://www.gov.uk/government/uploads/system/uploads/attachment_data/file/195073/656summ.pdf
http://research.dwp.gov.uk/asd/asd5/summ2009-2010/657summ.pdf,https://www.gov.uk/government/uploads/system/uploads/attachment_data/file/195076/657summ.pdf
http://research.dwp.gov.uk/asd/asd5/summ2009-2010/658summ.pdf,https://www.gov.uk/government/uploads/system/uploads/attachment_data/file/195388/658summ.pdf
http://research.dwp.gov.uk/asd/asd5/summ2009-2010/659summ.pdf,https://www.gov.uk/government/uploads/system/uploads/attachment_data/file/194269/659summ.pdf
http://research.dwp.gov.uk/asd/asd5/summ2009-2010/660summ.pdf,https://www.gov.uk/government/uploads/system/uploads/attachment_data/file/195394/660summ.pdf
http://research.dwp.gov.uk/asd/asd5/summ2009-2010/661summ.pdf,https://www.gov.uk/government/uploads/system/uploads/attachment_data/file/194264/661summ.pdf
http://research.dwp.gov.uk/asd/asd5/summ2009-2010/662summ.pdf,https://www.gov.uk/government/uploads/system/uploads/attachment_data/file/194261/662summ.pdf
http://research.dwp.gov.uk/asd/asd5/summ2009-2010/663summ.pdf,https://www.gov.uk/government/uploads/system/uploads/attachment_data/file/194262/663summ.pdf
http://research.dwp.gov.uk/asd/asd5/summ2009-2010/664summ.pdf,https://www.gov.uk/government/uploads/system/uploads/attachment_data/file/194258/664summ.pdf
http://research.dwp.gov.uk/asd/asd5/summ2009-2010/665summ.pdf,https://www.gov.uk/government/uploads/system/uploads/attachment_data/file/192805/665summ.pdf
http://research.dwp.gov.uk/asd/asd5/summ2009-2010/666summ.pdf,https://www.gov.uk/government/uploads/system/uploads/attachment_data/file/192560/666summ.pdf
http://research.dwp.gov.uk/asd/asd5/summ2009-2010/667summ.pdf,https://www.gov.uk/government/uploads/system/uploads/attachment_data/file/194251/667summ.pdf
http://research.dwp.gov.uk/asd/asd5/summ2009-2010/668summ.pdf,https://www.gov.uk/government/uploads/system/uploads/attachment_data/file/195902/668summ.pdf
http://research.dwp.gov.uk/asd/asd5/summ2009-2010/669summ.pdf,https://www.gov.uk/government/uploads/system/uploads/attachment_data/file/193309/669summ.pdf
http://research.dwp.gov.uk/asd/asd5/summ2009-2010/670summ.pdf,https://www.gov.uk/government/uploads/system/uploads/attachment_data/file/193308/670summ.pdf
http://research.dwp.gov.uk/asd/asd5/summ2009-2010/671summ.pdf,https://www.gov.uk/government/uploads/system/uploads/attachment_data/file/193311/671summ.pdf
http://research.dwp.gov.uk/asd/asd5/summ2009-2010/672summ.pdf,https://www.gov.uk/government/uploads/system/uploads/attachment_data/file/192818/672summ.pdf
http://research.dwp.gov.uk/asd/asd5/summ2009-2010/673summ.pdf,https://www.gov.uk/government/uploads/system/uploads/attachment_data/file/194283/673summ.pdf
http://research.dwp.gov.uk/asd/asd5/summ2009-2010/675summ.pdf,https://www.gov.uk/government/uploads/system/uploads/attachment_data/file/192579/675summ.pdf
http://research.dwp.gov.uk/asd/asd5/summ2009-2010/676summ.pdf,https://www.gov.uk/government/uploads/system/uploads/attachment_data/file/192578/676summ.pdf
http://research.dwp.gov.uk/asd/asd5/summ2009-2010/677summ.pdf,https://www.gov.uk/government/uploads/system/uploads/attachment_data/file/192582/677summ.pdf
http://research.dwp.gov.uk/asd/asd5/summ2009-2010/678summ.pdf,https://www.gov.uk/government/uploads/system/uploads/attachment_data/file/192581/678summ.pdf
http://research.dwp.gov.uk/asd/asd5/summ2009-2010/679summ.pdf,https://www.gov.uk/government/uploads/system/uploads/attachment_data/file/192583/679summ.pdf
http://research.dwp.gov.uk/asd/asd5/summ2009-2010/680summ.pdf,https://www.gov.uk/government/uploads/system/uploads/attachment_data/file/192597/680summ.pdf
http://research.dwp.gov.uk/asd/asd5/summ2009-2010/681summ.pdf,https://www.gov.uk/government/uploads/system/uploads/attachment_data/file/192587/681summ.pdf
http://research.dwp.gov.uk/asd/asd5/summ2009-2010/683summ.pdf,https://www.gov.uk/government/uploads/system/uploads/attachment_data/file/192774/683summ.pdf
http://research.dwp.gov.uk/asd/asd5/summ2009-2010/684summ.pdf,https://www.gov.uk/government/uploads/system/uploads/attachment_data/file/194281/684summ.pdf
http://research.dwp.gov.uk/asd/asd5/summ2009-2010/685summ.pdf,https://www.gov.uk/government/uploads/system/uploads/attachment_data/file/194280/685summ.pdf
http://research.dwp.gov.uk/asd/asd5/summ2009-2010/686summ.pdf,https://www.gov.uk/government/uploads/system/uploads/attachment_data/file/193230/686summ.pdf
http://research.dwp.gov.uk/asd/asd5/summ2009-2010/687summ.pdf,https://www.gov.uk/government/uploads/system/uploads/attachment_data/file/193227/687summ.pdf
http://research.dwp.gov.uk/asd/asd5/summ2009-2010/688summ.pdf,https://www.gov.uk/government/uploads/system/uploads/attachment_data/file/193301/688summ.pdf
http://research.dwp.gov.uk/asd/asd5/summ2009-2010/689summ.pdf,https://www.gov.uk/government/uploads/system/uploads/attachment_data/file/192704/689summ.pdf
http://research.dwp.gov.uk/asd/asd5/summ2009-2010/690summ.pdf,https://www.gov.uk/government/uploads/system/uploads/attachment_data/file/193231/690summ.pdf
http://research.dwp.gov.uk/asd/asd5/summ2009-2010/691summ.pdf,https://www.gov.uk/government/uploads/system/uploads/attachment_data/file/194273/691summ.pdf
http://research.dwp.gov.uk/asd/asd5/summ2009-2010/692summ.pdf,https://www.gov.uk/government/uploads/system/uploads/attachment_data/file/193221/692summ.pdf
http://research.dwp.gov.uk/asd/asd5/summ2009-2010/693summ.pdf,https://www.gov.uk/government/uploads/system/uploads/attachment_data/file/194271/693summ.pdf
http://research.dwp.gov.uk/asd/asd5/summ2009-2010/694summ.pdf,https://www.gov.uk/government/uploads/system/uploads/attachment_data/file/193707/694summ.pdf
http://research.dwp.gov.uk/asd/asd5/summ2009-2010/696summ.pdf,https://www.gov.uk/government/uploads/system/uploads/attachment_data/file/193095/696summ.pdf
http://research.dwp.gov.uk/asd/asd5/summ2009-2010/697summ.pdf,https://www.gov.uk/government/uploads/system/uploads/attachment_data/file/192821/697summ.pdf
http://research.dwp.gov.uk/asd/asd5/summ2009-2010/699summ.pdf,https://www.gov.uk/government/uploads/system/uploads/attachment_data/file/192784/699summ.pdf
http://research.dwp.gov.uk/asd/asd5/summ2009-2010/700summ.pdf,https://www.gov.uk/government/uploads/system/uploads/attachment_data/file/193092/700summ.pdf
http://research.dwp.gov.uk/asd/asd5/summ2009-2010/702summ.pdf,https://www.gov.uk/government/uploads/system/uploads/attachment_data/file/192750/702summ.pdf
http://research.dwp.gov.uk/asd/asd5/summ2009-2010/703summ.pdf,https://www.gov.uk/government/uploads/system/uploads/attachment_data/file/193065/703summ.pdf
http://research.dwp.gov.uk/asd/asd5/summ2009-2010/704summ.pdf,https://www.gov.uk/government/uploads/system/uploads/attachment_data/file/193062/704summ.pdf
http://research.dwp.gov.uk/asd/asd5/summ2009-2010/706summ.pdf,https://www.gov.uk/government/uploads/system/uploads/attachment_data/file/193050/706summ.pdf
http://research.dwp.gov.uk/asd/asd5/summ2009-2010/707summ.pdf,https://www.gov.uk/government/uploads/system/uploads/attachment_data/file/192873/707summ.pdf
http://research.dwp.gov.uk/asd/asd5/summ2009-2010/708summ.pdf,https://www.gov.uk/government/uploads/system/uploads/attachment_data/file/193044/708summ.pdf
http://research.dwp.gov.uk/asd/asd5/summ2009-2010/710summ.pdf,https://www.gov.uk/government/uploads/system/uploads/attachment_data/file/193035/710summ.pdf
http://research.dwp.gov.uk/asd/asd5/summ2009-2010/712summ.pdf,https://www.gov.uk/government/uploads/system/uploads/attachment_data/file/193033/712summ.pdf
http://research.dwp.gov.uk/asd/asd5/summ2009-2010/713summ.pdf,https://www.gov.uk/government/uploads/system/uploads/attachment_data/file/192866/713summ.pdf
http://research.dwp.gov.uk/asd/asd5/summ2009-2010/714summ.pdf,https://www.gov.uk/government/uploads/system/uploads/attachment_data/file/192870/714summ.pdf
http://research.dwp.gov.uk/asd/asd5/summ2009-2010/716summ.pdf,https://www.gov.uk/government/uploads/system/uploads/attachment_data/file/192852/716summ.pdf
http://research.dwp.gov.uk/asd/asd5/summ2009-2010/717summ.pdf,https://www.gov.uk/government/uploads/system/uploads/attachment_data/file/192832/717summ.pdf
http://research.dwp.gov.uk/asd/asd5/summ2009-2010/718summ.pdf,https://www.gov.uk/government/uploads/system/uploads/attachment_data/file/192844/718summ.pdf
http://research.dwp.gov.uk/asd/asd5/summ2009-2010/719summ.pdf,https://www.gov.uk/government/uploads/system/uploads/attachment_data/file/197170/719summ.pdf
http://research.dwp.gov.uk/asd/asd5/summ2011-2012/720summ.pdf,https://www.gov.uk/government/uploads/system/uploads/attachment_data/file/193481/720summ.pdf
http://research.dwp.gov.uk/asd/asd5/summ2011-2012/721summ.pdf,https://www.gov.uk/government/uploads/system/uploads/attachment_data/file/197172/721summ.pdf
http://research.dwp.gov.uk/asd/asd5/summ2011-2012/722summ.pdf,https://www.gov.uk/government/uploads/system/uploads/attachment_data/file/197176/722summ.pdf
http://research.dwp.gov.uk/asd/asd5/summ2011-2012/723summ.pdf,https://www.gov.uk/government/uploads/system/uploads/attachment_data/file/197262/723summ.pdf
http://research.dwp.gov.uk/asd/asd5/summ2011-2012/724summ.pdf,https://www.gov.uk/government/uploads/system/uploads/attachment_data/file/197264/724summ.pdf
http://research.dwp.gov.uk/asd/asd5/summ2011-2012/725summ.pdf,https://www.gov.uk/government/uploads/system/uploads/attachment_data/file/197272/725summ.pdf
http://research.dwp.gov.uk/asd/asd5/summ2011-2012/727summ.pdf,https://www.gov.uk/government/uploads/system/uploads/attachment_data/file/197525/727summ.pdf
http://research.dwp.gov.uk/asd/asd5/summ2011-2012/728summ.pdf,https://www.gov.uk/government/uploads/system/uploads/attachment_data/file/197274/728summ.pdf
http://research.dwp.gov.uk/asd/asd5/summ2011-2012/729summ.pdf,https://www.gov.uk/government/uploads/system/uploads/attachment_data/file/197280/729summ.pdf
http://research.dwp.gov.uk/asd/asd5/summ2011-2012/730summ.pdf,https://www.gov.uk/government/uploads/system/uploads/attachment_data/file/197520/730summ.pdf
http://research.dwp.gov.uk/asd/asd5/summ2011-2012/731summ.pdf,https://www.gov.uk/government/uploads/system/uploads/attachment_data/file/197531/731summ.pdf
http://research.dwp.gov.uk/asd/asd5/summ2011-2012/732summ.pdf,https://www.gov.uk/government/uploads/system/uploads/attachment_data/file/197541/732summ.pdf
http://research.dwp.gov.uk/asd/asd5/summ2011-2012/733summ.pdf,https://www.gov.uk/government/uploads/system/uploads/attachment_data/file/197544/733summ.pdf
http://research.dwp.gov.uk/asd/asd5/summ2011-2012/734summ.pdf,https://www.gov.uk/government/uploads/system/uploads/attachment_data/file/197550/734summ.pdf
http://research.dwp.gov.uk/asd/asd5/summ2011-2012/735summ.pdf,https://www.gov.uk/government/uploads/system/uploads/attachment_data/file/197563/735summ.pdf
http://research.dwp.gov.uk/asd/asd5/summ2011-2012/736summ.pdf,https://www.gov.uk/government/uploads/system/uploads/attachment_data/file/197065/736summ.pdf
http://research.dwp.gov.uk/asd/asd5/summ2011-2012/737summ.pdf,https://www.gov.uk/government/uploads/system/uploads/attachment_data/file/197062/737summ.pdf
http://research.dwp.gov.uk/asd/asd5/summ2011-2012/738summ.pdf,https://www.gov.uk/government/uploads/system/uploads/attachment_data/file/196480/738summ.pdf
http://research.dwp.gov.uk/asd/asd5/summ2011-2012/739summ.pdf,https://www.gov.uk/government/uploads/system/uploads/attachment_data/file/197068/739summ.pdf
http://research.dwp.gov.uk/asd/asd5/summ2011-2012/740summ.pdf,https://www.gov.uk/government/uploads/system/uploads/attachment_data/file/197070/740summ.pdf
http://research.dwp.gov.uk/asd/asd5/summ2011-2012/741summ.pdf,https://www.gov.uk/government/uploads/system/uploads/attachment_data/file/197075/741summ.pdf
http://research.dwp.gov.uk/asd/asd5/summ2011-2012/742summ.pdf,https://www.gov.uk/government/uploads/system/uploads/attachment_data/file/197081/742summ.pdf
http://research.dwp.gov.uk/asd/asd5/summ2011-2012/743summ.pdf,https://www.gov.uk/government/uploads/system/uploads/attachment_data/file/197093/743summ.pdf
http://research.dwp.gov.uk/asd/asd5/summ2011-2012/744summ.pdf,https://www.gov.uk/government/uploads/system/uploads/attachment_data/file/197095/744summ.pdf
http://research.dwp.gov.uk/asd/asd5/summ2011-2012/745summ.pdf,https://www.gov.uk/government/uploads/system/uploads/attachment_data/file/197097/745summ.pdf
http://research.dwp.gov.uk/asd/asd5/summ2011-2012/746summ.pdf,https://www.gov.uk/government/uploads/system/uploads/attachment_data/file/197102/746summ.pdf
http://research.dwp.gov.uk/asd/asd5/summ2011-2012/747summ.pdf,https://www.gov.uk/government/uploads/system/uploads/attachment_data/file/197104/747summ.pdf
http://research.dwp.gov.uk/asd/asd5/summ2011-2012/748summ.pdf,https://www.gov.uk/government/uploads/system/uploads/attachment_data/file/197106/748summ.pdf
http://research.dwp.gov.uk/asd/asd5/summ2011-2012/749summ.pdf,https://www.gov.uk/government/uploads/system/uploads/attachment_data/file/197111/749summ.pdf
http://research.dwp.gov.uk/asd/asd5/summ2011-2012/750summ.pdf,https://www.gov.uk/government/uploads/system/uploads/attachment_data/file/197117/750summ.pdf
http://research.dwp.gov.uk/asd/asd5/summ2011-2012/751summ.pdf,https://www.gov.uk/government/uploads/system/uploads/attachment_data/file/197122/751summ.pdf
http://research.dwp.gov.uk/asd/asd5/summ2011-2012/752summ.pdf,https://www.gov.uk/government/uploads/system/uploads/attachment_data/file/197129/752summ.pdf
http://research.dwp.gov.uk/asd/asd5/summ2011-2012/753summ.pdf,https://www.gov.uk/government/uploads/system/uploads/attachment_data/file/197130/753summ.pdf
http://research.dwp.gov.uk/asd/asd5/summ2011-2012/754summ.pdf,https://www.gov.uk/government/uploads/system/uploads/attachment_data/file/197134/754summ.pdf
http://research.dwp.gov.uk/asd/asd5/summ2011-2012/755summ.pdf,https://www.gov.uk/government/uploads/system/uploads/attachment_data/file/197154/755summ.pdf
http://research.dwp.gov.uk/asd/asd5/summ2011-2012/756summ.pdf,https://www.gov.uk/government/uploads/system/uploads/attachment_data/file/197155/756summ.pdf
http://research.dwp.gov.uk/asd/asd5/summ2011-2012/757summ.pdf,https://www.gov.uk/government/uploads/system/uploads/attachment_data/file/197159/757summ.pdf
http://research.dwp.gov.uk/asd/asd5/summ2011-2012/758summ.pdf,https://www.gov.uk/government/uploads/system/uploads/attachment_data/file/197162/758summ.pdf
http://research.dwp.gov.uk/asd/asd5/summ2011-2012/759summ.pdf,https://www.gov.uk/government/uploads/system/uploads/attachment_data/file/197565/759summ.pdf
http://research.dwp.gov.uk/asd/asd5/summ2011-2012/761summ.pdf,https://www.gov.uk/government/uploads/system/uploads/attachment_data/file/197568/761summ.pdf
http://research.dwp.gov.uk/asd/asd5/summ2011-2012/762summ.pdf,https://www.gov.uk/government/uploads/system/uploads/attachment_data/file/197571/762summ.pdf
http://research.dwp.gov.uk/asd/asd5/summ2011-2012/763summ.pdf,https://www.gov.uk/government/uploads/system/uploads/attachment_data/file/197574/763summ.pdf
http://research.dwp.gov.uk/asd/asd5/summ2011-2012/764summ.pdf,https://www.gov.uk/government/uploads/system/uploads/attachment_data/file/197576/764summ.pdf
http://research.dwp.gov.uk/asd/asd5/summ2011-2012/765summ.pdf,https://www.gov.uk/government/uploads/system/uploads/attachment_data/file/197580/765summ.pdf
http://research.dwp.gov.uk/asd/asd5/summ2011-2012/766summ.pdf,https://www.gov.uk/government/uploads/system/uploads/attachment_data/file/197644/766summ.pdf
http://research.dwp.gov.uk/asd/asd5/summ2011-2012/767summ.pdf,https://www.gov.uk/government/uploads/system/uploads/attachment_data/file/197595/767summ.pdf
http://research.dwp.gov.uk/asd/asd5/summ2011-2012/768summ.pdf,https://www.gov.uk/government/uploads/system/uploads/attachment_data/file/197597/768summ.pdf
http://research.dwp.gov.uk/asd/asd5/summ2011-2012/769summ.pdf,https://www.gov.uk/government/uploads/system/uploads/attachment_data/file/197599/769summ.pdf
http://research.dwp.gov.uk/asd/asd5/summ2011-2012/770summ.pdf,https://www.gov.uk/government/uploads/system/uploads/attachment_data/file/197602/770summ.pdf
http://research.dwp.gov.uk/asd/asd5/summ2011-2012/771summ.pdf,https://www.gov.uk/government/uploads/system/uploads/attachment_data/file/197603/771summ.pdf
http://research.dwp.gov.uk/asd/asd5/summ2011-2012/772summ.pdf,https://www.gov.uk/government/uploads/system/uploads/attachment_data/file/197605/772summ.pdf
http://research.dwp.gov.uk/asd/asd5/summ2011-2012/773summ.pdf,https://www.gov.uk/government/uploads/system/uploads/attachment_data/file/197652/773summ.pdf
http://research.dwp.gov.uk/asd/asd5/summ2011-2012/774summ.pdf,https://www.gov.uk/government/uploads/system/uploads/attachment_data/file/197654/774summ.pdf
http://research.dwp.gov.uk/asd/asd5/summ2011-2012/775summ.pdf,https://www.gov.uk/government/uploads/system/uploads/attachment_data/file/197659/775summ.pdf
http://research.dwp.gov.uk/asd/asd5/summ2011-2012/776summ.pdf,https://www.gov.uk/government/uploads/system/uploads/attachment_data/file/197666/776summ.pdf
http://research.dwp.gov.uk/asd/asd5/summ2011-2012/777summ.pdf,https://www.gov.uk/government/uploads/system/uploads/attachment_data/file/193400/777summ.pdf
http://research.dwp.gov.uk/asd/asd5/summ2011-2012/789summ.pdf,https://www.gov.uk/government/uploads/system/uploads/attachment_data/file/139143/rrep789.pdf.pdf
http://research.dwp.gov.uk/asd/asd5/summ2011-2012/797summ.pdf,https://www.gov.uk/government/uploads/system/uploads/attachment_data/file/197669/797summ.pdf
http://research.dwp.gov.uk/asd/asd5/summ2011-2012/798summ.pdf,https://www.gov.uk/government/uploads/system/uploads/attachment_data/file/193478/798summ.pdf
http://research.dwp.gov.uk/asd/asd5/summ2011-2012/799summ.pdf,https://www.gov.uk/government/uploads/system/uploads/attachment_data/file/192593/799summ.pdf
http://research.dwp.gov.uk/asd/asd5/summ2011-2012/800summ.pdf,https://www.gov.uk/government/uploads/system/uploads/attachment_data/file/193472/800summ.pdf
http://research.dwp.gov.uk/asd/asd5/summ2011-2012/801summ.pdf,https://www.gov.uk/government/uploads/system/uploads/attachment_data/file/193470/801summ.pdf
http://research.dwp.gov.uk/asd/asd5/summ2011-2012/802summ.pdf,https://www.gov.uk/government/uploads/system/uploads/attachment_data/file/193461/802summ.pdf
http://research.dwp.gov.uk/asd/asd5/summ2011-2012/803summ.pdf,https://www.gov.uk/government/uploads/system/uploads/attachment_data/file/193455/803summ.pdf
http://research.dwp.gov.uk/asd/asd5/summ2011-2012/804summ.pdf,https://www.gov.uk/government/uploads/system/uploads/attachment_data/file/193452/804summ.pdf
http://research.dwp.gov.uk/asd/asd5/summ2011-2012/805summ.pdf,https://www.gov.uk/government/uploads/system/uploads/attachment_data/file/193443/805summ.pdf
http://research.dwp.gov.uk/asd/asd5/summ2011-2012/806summ.pdf,https://www.gov.uk/government/uploads/system/uploads/attachment_data/file/193439/806summ.pdf
http://research.dwp.gov.uk/asd/asd5/summ2011-2012/807summ.pdf,https://www.gov.uk/government/uploads/system/uploads/attachment_data/file/193437/807summ.pdf
http://research.dwp.gov.uk/asd/asd5/summ2011-2012/808summ.pdf,https://www.gov.uk/government/uploads/system/uploads/attachment_data/file/193417/808summ.pdf
http://research.dwp.gov.uk/asd/asd5/summ2011-2012/809summ.pdf,https://www.gov.uk/government/uploads/system/uploads/attachment_data/file/193405/809summ.pdf
http://research.dwp.gov.uk/asd/asd5/summ2011-2012/810summ.pdf,https://www.gov.uk/government/uploads/system/uploads/attachment_data/file/193393/810summ.pdf
http://research.dwp.gov.uk/asd/asd5/summ2011-2012/811summ.pdf,https://www.gov.uk/government/uploads/system/uploads/attachment_data/file/193391/811summ.pdf
http://research.dwp.gov.uk/asd/asd5/summ2011-2012/812summ.pdf,https://www.gov.uk/government/uploads/system/uploads/attachment_data/file/193382/812summ.pdf
http://research.dwp.gov.uk/asd/asd5/summ2011-2012/813summ.pdf,https://www.gov.uk/government/uploads/system/uploads/attachment_data/file/193373/813summ.pdf
http://research.dwp.gov.uk/asd/asd5/summ2011-2012/814summ.pdf,https://www.gov.uk/government/uploads/system/uploads/attachment_data/file/193343/814summ.pdf
http://research.dwp.gov.uk/asd/asd5/summ2011-2012/815summ.pdf,https://www.gov.uk/government/uploads/system/uploads/attachment_data/file/193340/815summ.pdf
http://research.dwp.gov.uk/asd/asd5/summ2011-2012/816summ.pdf,https://www.gov.uk/government/uploads/system/uploads/attachment_data/file/193337/816summ.pdf
http://research.dwp.gov.uk/asd/asd5/summ2011-2012/817summ.pdf,https://www.gov.uk/government/uploads/system/uploads/attachment_data/file/138916/817summ.pdf.pdf
http://research.dwp.gov.uk/asd/asd5/summ2011-2012/818summ.pdf,https://www.gov.uk/government/uploads/system/uploads/attachment_data/file/138918/818summ.pdf.pdf
http://research.dwp.gov.uk/asd/asd5/summ2011-2012/819summ.pdf,https://www.gov.uk/government/uploads/system/uploads/attachment_data/file/193318/819summ.pdf
http://research.dwp.gov.uk/asd/asd5/summ2011-2012/820summ.pdf,https://www.gov.uk/government/uploads/system/uploads/attachment_data/file/193321/820summ.pdf
http://research.dwp.gov.uk/asd/asd5/summ2011-2012/821summ.pdf,https://www.gov.uk/government/uploads/system/uploads/attachment_data/file/193324/821summ.pdf
http://research.dwp.gov.uk/asd/asd5/summ2011-2012/822summ.pdf,https://www.gov.uk/government/uploads/system/uploads/attachment_data/file/193328/822summ.pdf
http://research.dwp.gov.uk/asd/asd5/summ2011-2012/823summ.pdf,https://www.gov.uk/government/uploads/system/uploads/attachment_data/file/193331/823summ.pdf
http://research.dwp.gov.uk/asd/asd5/summ2011-2012/824summ.pdf,https://www.gov.uk/government/uploads/system/uploads/attachment_data/file/193334/824summ.pdf
http://research.dwp.gov.uk/asd/asd5/summ2013-2014/827summ.pdf,https://www.gov.uk/government/uploads/system/uploads/attachment_data/file/197676/827summ.pdf
http://research.dwp.gov.uk/asd/asd5/summ2013-2014/828summ.pdf,https://www.gov.uk/government/publications/early-evaluation-of-the-youth-contract-wage-incentive-scheme-rr828
http://research.dwp.gov.uk/asd/asd5/summ2013-2014/829summ.pdf,https://www.gov.uk/government/uploads/system/uploads/attachment_data/file/197692/829summ.pdf
http://research.dwp.gov.uk/asd/asd5/summ2013-2014/830summ.pdf,https://www.gov.uk/government/uploads/system/uploads/attachment_data/file/197700/830summ.pdf
http://research.dwp.gov.uk/asd/asd5/summ2013-2014/832summ.pdf,https://www.gov.uk/government/uploads/system/uploads/attachment_data/file/197712/832summ.pdf
http://research.dwp.gov.uk/asd/asd5/WP100.pdf,https://www.gov.uk/government/uploads/system/uploads/attachment_data/file/138960/WP100.pdf.pdf
http://research.dwp.gov.uk/asd/asd5/WP101.pdf,https://www.gov.uk/government/uploads/system/uploads/attachment_data/file/138961/WP101.pdf.pdf
http://research.dwp.gov.uk/asd/asd5/WP102.pdf,https://www.gov.uk/government/uploads/system/uploads/attachment_data/file/138962/WP102.pdf.pdf
http://research.dwp.gov.uk/asd/asd5/WP103.pdf,https://www.gov.uk/government/uploads/system/uploads/attachment_data/file/138963/WP103.pdf.pdf
http://research.dwp.gov.uk/asd/asd5/WP104.pdf,https://www.gov.uk/government/uploads/system/uploads/attachment_data/file/138964/WP104.pdf.pdf
http://research.dwp.gov.uk/asd/asd5/WP105.pdf,https://www.gov.uk/government/uploads/system/uploads/attachment_data/file/138965/WP105.pdf.pdf
http://research.dwp.gov.uk/asd/asd5/WP106.pdf,https://www.gov.uk/government/uploads/system/uploads/attachment_data/file/138966/WP106.pdf.pdf
http://research.dwp.gov.uk/asd/asd5/WP107.pdf,https://www.gov.uk/government/uploads/system/uploads/attachment_data/file/138967/WP107.pdf.pdf
http://research.dwp.gov.uk/asd/asd5/WP109.pdf,https://www.gov.uk/government/uploads/system/uploads/attachment_data/file/138969/WP109.pdf.pdf
http://research.dwp.gov.uk/asd/asd5/WP110.pdf,https://www.gov.uk/government/uploads/system/uploads/attachment_data/file/138970/WP110.pdf.pdf
http://research.dwp.gov.uk/asd/asd5/WP111.pdf,https://www.gov.uk/government/uploads/system/uploads/attachment_data/file/182866/WP111.pdf.pdf
http://research.dwp.gov.uk/asd/asd5/WP111_easyread.pdf,https://www.gov.uk/government/uploads/system/uploads/attachment_data/file/182867/WP111_easyread.pdf.pdf
http://research.dwp.gov.uk/asd/asd5/WP112.pdf,https://www.gov.uk/government/uploads/system/uploads/attachment_data/file/182873/WP112.pdf.pdf
http://research.dwp.gov.uk/asd/asd5/WP113.pdf,https://www.gov.uk/government/uploads/system/uploads/attachment_data/file/182855/WP113.pdf.pdf
http://research.dwp.gov.uk/asd/asd5/WP114.pdf,https://www.gov.uk/government/uploads/system/uploads/attachment_data/file/182853/WP114.pdf.pdf
http://research.dwp.gov.uk/asd/asd5/WP117.pdf,https://www.gov.uk/government/uploads/system/uploads/attachment_data/file/182876/WP117.pdf.pdf
http://research.dwp.gov.uk/asd/asd5/wp2010.asp,https://www.gov.uk/government/organisations/department-for-work-pensions/series/dwp-working-papers-from-may-2010
http://research.dwp.gov.uk/asd/asd5/WP86.pdf,https://www.gov.uk/government/uploads/system/uploads/attachment_data/file/138946/WP86.pdf.pdf
http://research.dwp.gov.uk/asd/asd5/WP87.pdf,https://www.gov.uk/government/uploads/system/uploads/attachment_data/file/138947/WP87.pdf.pdf
http://research.dwp.gov.uk/asd/asd5/WP88.pdf,https://www.gov.uk/government/uploads/system/uploads/attachment_data/file/138948/WP88.pdf.pdf
http://research.dwp.gov.uk/asd/asd5/WP89.pdf,https://www.gov.uk/government/uploads/system/uploads/attachment_data/file/138949/WP89.pdf.pdf
http://research.dwp.gov.uk/asd/asd5/WP90.pdf,https://www.gov.uk/government/uploads/system/uploads/attachment_data/file/138950/WP90.pdf.pdf
http://research.dwp.gov.uk/asd/asd5/WP91.pdf,https://www.gov.uk/government/uploads/system/uploads/attachment_data/file/138951/WP91.pdf.pdf
http://research.dwp.gov.uk/asd/asd5/WP93.pdf,https://www.gov.uk/government/uploads/system/uploads/attachment_data/file/138953/WP93.pdf.pdf
http://research.dwp.gov.uk/asd/asd5/WP94.pdf,https://www.gov.uk/government/uploads/system/uploads/attachment_data/file/138954/WP94.pdf.pdf
http://research.dwp.gov.uk/asd/asd5/WP95.pdf,https://www.gov.uk/government/uploads/system/uploads/attachment_data/file/138955/WP95.pdf.pdf
http://research.dwp.gov.uk/asd/asd5/WP96.pdf,https://www.gov.uk/government/uploads/system/uploads/attachment_data/file/138956/WP96.pdf.pdf
http://research.dwp.gov.uk/asd/asd5/WP97.pdf,https://www.gov.uk/government/uploads/system/uploads/attachment_data/file/138957/WP97.pdf.pdf
http://research.dwp.gov.uk/asd/asd5/WP98.pdf,https://www.gov.uk/government/uploads/system/uploads/attachment_data/file/138958/WP98.pdf.pdf
http://research.dwp.gov.uk/asd/asd5/WP99.pdf,https://www.gov.uk/government/uploads/system/uploads/attachment_data/file/138959/WP99.pdf.pdf
http://research.dwp.gov.uk/asd/asd5/wp-index.asp,https://www.gov.uk/government/organisations/department-for-work-pensions/series/dwp-working-papers-from-may-2010
