Old Url,New Url,Status
http://www.fco.gov.uk/en/travel-and-living-abroad/find-an-embassy,https://www.gov.uk/government/world/organisations,
http://www.fco.gov.uk/en/travel-and-living-abroad/find-an-embassy/,https://www.gov.uk/government/world/organisations,
http://www.fco.gov.uk/en/travel-and-living-abroad/find-an-embassy/asia-and-oceania/,https://www.gov.uk/government/world/organisations,
http://www.fco.gov.uk/en/travel-and-living-abroad/find-an-embassy/asia-and-oceania/3644754/,https://www.gov.uk/government/world/organisations,
http://www.fco.gov.uk/en/travel-and-living-abroad/find-an-embassy/asia-and-oceania/3644894/,https://www.gov.uk/government/world/organisations,
http://www.fco.gov.uk/en/travel-and-living-abroad/find-an-embassy/asia-and-oceania/adelaide/,https://www.gov.uk/government/world/organisations,
http://www.fco.gov.uk/en/travel-and-living-abroad/find-an-embassy/asia-and-oceania/afghanistan1/,https://www.gov.uk/government/world/organisations,
http://www.fco.gov.uk/en/travel-and-living-abroad/find-an-embassy/asia-and-oceania/bhutan/,https://www.gov.uk/government/world/organisations,
http://www.fco.gov.uk/en/travel-and-living-abroad/find-an-embassy/asia-and-oceania/brit-council-colombo/,https://www.gov.uk/government/world/organisations,
http://www.fco.gov.uk/en/travel-and-living-abroad/find-an-embassy/asia-and-oceania/brit-council-hanoi/,https://www.gov.uk/government/world/organisations,
http://www.fco.gov.uk/en/travel-and-living-abroad/find-an-embassy/asia-and-oceania/brit-council-ho-chi-minh-city/,https://www.gov.uk/government/world/organisations,
http://www.fco.gov.uk/en/travel-and-living-abroad/find-an-embassy/asia-and-oceania/brit-council-kaohsiung/,https://www.gov.uk/government/world/organisations,
http://www.fco.gov.uk/en/travel-and-living-abroad/find-an-embassy/asia-and-oceania/brit-council-kathmandu/,https://www.gov.uk/government/world/organisations,
http://www.fco.gov.uk/en/travel-and-living-abroad/find-an-embassy/asia-and-oceania/brit-council-kota-kinabalu-sabah/,https://www.gov.uk/government/world/organisations,
http://www.fco.gov.uk/en/travel-and-living-abroad/find-an-embassy/asia-and-oceania/brit-council-kuala-lumpur/,https://www.gov.uk/government/world/organisations,
http://www.fco.gov.uk/en/travel-and-living-abroad/find-an-embassy/asia-and-oceania/brit-council-kuching/,https://www.gov.uk/government/world/organisations,
http://www.fco.gov.uk/en/travel-and-living-abroad/find-an-embassy/asia-and-oceania/brit-council-new-delhi/,https://www.gov.uk/government/world/organisations,
http://www.fco.gov.uk/en/travel-and-living-abroad/find-an-embassy/asia-and-oceania/brit-council-penang/,https://www.gov.uk/government/world/organisations,
http://www.fco.gov.uk/en/travel-and-living-abroad/find-an-embassy/asia-and-oceania/brit-council-singapore/,https://www.gov.uk/government/world/organisations,
http://www.fco.gov.uk/en/travel-and-living-abroad/find-an-embassy/asia-and-oceania/brit-council-taipei/,https://www.gov.uk/government/world/organisations,
http://www.fco.gov.uk/en/travel-and-living-abroad/find-an-embassy/asia-and-oceania/brit-council-tokyo/,https://www.gov.uk/government/world/organisations,
http://www.fco.gov.uk/en/travel-and-living-abroad/find-an-embassy/asia-and-oceania/brunei/,https://www.gov.uk/government/world/organisations,
http://www.fco.gov.uk/en/travel-and-living-abroad/find-an-embassy/asia-and-oceania/burma/,https://www.gov.uk/government/world/organisations,
http://www.fco.gov.uk/en/travel-and-living-abroad/find-an-embassy/asia-and-oceania/business-information-centre/,https://www.gov.uk/government/world/organisations,
http://www.fco.gov.uk/en/travel-and-living-abroad/find-an-embassy/asia-and-oceania/consular-canberra/,https://www.gov.uk/government/world/organisations,
http://www.fco.gov.uk/en/travel-and-living-abroad/find-an-embassy/asia-and-oceania/consulate-general-auckland/,https://www.gov.uk/government/world/organisations,
http://www.fco.gov.uk/en/travel-and-living-abroad/find-an-embassy/asia-and-oceania/consulate-general-guangzhou/,https://www.gov.uk/government/world/organisations,
http://www.fco.gov.uk/en/travel-and-living-abroad/find-an-embassy/asia-and-oceania/consulate-general-melbourne/,https://www.gov.uk/government/world/organisations,
http://www.fco.gov.uk/en/travel-and-living-abroad/find-an-embassy/asia-and-oceania/consulate-general-osaka/,https://www.gov.uk/government/world/organisations,
http://www.fco.gov.uk/en/travel-and-living-abroad/find-an-embassy/asia-and-oceania/consulate-general-shanghai/,https://www.gov.uk/government/world/organisations,
http://www.fco.gov.uk/en/travel-and-living-abroad/find-an-embassy/asia-and-oceania/consulate-general-tokyo/,https://www.gov.uk/government/world/organisations,
http://www.fco.gov.uk/en/travel-and-living-abroad/find-an-embassy/asia-and-oceania/consulatel-brisbane/,https://www.gov.uk/government/world/organisations,
http://www.fco.gov.uk/en/travel-and-living-abroad/find-an-embassy/asia-and-oceania/consulate-nagoya/,https://www.gov.uk/government/world/organisations,
http://www.fco.gov.uk/en/travel-and-living-abroad/find-an-embassy/asia-and-oceania/consulate-perth/,https://www.gov.uk/government/world/organisations,
http://www.fco.gov.uk/en/travel-and-living-abroad/find-an-embassy/asia-and-oceania/consul-gen-ho-chi-minh-city/,https://www.gov.uk/government/world/organisations,
http://www.fco.gov.uk/en/travel-and-living-abroad/find-an-embassy/asia-and-oceania/consul-gen-hong-kong/,https://www.gov.uk/government/world/organisations,
http://www.fco.gov.uk/en/travel-and-living-abroad/find-an-embassy/asia-and-oceania/consul-gen-sydney/,https://www.gov.uk/government/world/organisations,
http://www.fco.gov.uk/en/travel-and-living-abroad/find-an-embassy/asia-and-oceania/cultural-education-chongqing/,https://www.gov.uk/government/world/organisations,
http://www.fco.gov.uk/en/travel-and-living-abroad/find-an-embassy/asia-and-oceania/cultural-education-guangzhou/,https://www.gov.uk/government/world/organisations,
http://www.fco.gov.uk/en/travel-and-living-abroad/find-an-embassy/asia-and-oceania/cultural-education-shanghai/,https://www.gov.uk/government/world/organisations,
http://www.fco.gov.uk/en/travel-and-living-abroad/find-an-embassy/asia-and-oceania/department-for-international/,https://www.gov.uk/government/world/organisations,
http://www.fco.gov.uk/en/travel-and-living-abroad/find-an-embassy/asia-and-oceania/department-for-international1/,https://www.gov.uk/government/world/organisations,
http://www.fco.gov.uk/en/travel-and-living-abroad/find-an-embassy/asia-and-oceania/deputy-high-commissioner-in/,https://www.gov.uk/government/world/organisations,
http://www.fco.gov.uk/en/travel-and-living-abroad/find-an-embassy/asia-and-oceania/deputy-high-commissioner-mumbai/,https://www.gov.uk/government/world/organisations,
http://www.fco.gov.uk/en/travel-and-living-abroad/find-an-embassy/asia-and-oceania/deputy-high-commission-karachi/,https://www.gov.uk/government/world/organisations,
http://www.fco.gov.uk/en/travel-and-living-abroad/find-an-embassy/asia-and-oceania/deputy-high-commission-kolkata/,https://www.gov.uk/government/world/organisations,
http://www.fco.gov.uk/en/travel-and-living-abroad/find-an-embassy/asia-and-oceania/dfid-beijing/,https://www.gov.uk/government/world/organisations/dfid-china,
http://www.fco.gov.uk/en/travel-and-living-abroad/find-an-embassy/asia-and-oceania/dfid-country-bishkek/,https://www.gov.uk/government/world/organisations/dfid-kyrgyzstan,
http://www.fco.gov.uk/en/travel-and-living-abroad/find-an-embassy/asia-and-oceania/dfid-hanoi/,https://www.gov.uk/government/world/organisations/dfid-vietnam,
http://www.fco.gov.uk/en/travel-and-living-abroad/find-an-embassy/asia-and-oceania/dfid-phnom-penh/,https://www.gov.uk/government/world/organisations/dfid-vietnam,
http://www.fco.gov.uk/en/travel-and-living-abroad/find-an-embassy/asia-and-oceania/dili/,https://www.gov.uk/government/world/organisations,
http://www.fco.gov.uk/en/travel-and-living-abroad/find-an-embassy/asia-and-oceania/embassy-astana/,https://www.gov.uk/government/world/organisations,
http://www.fco.gov.uk/en/travel-and-living-abroad/find-an-embassy/asia-and-oceania/embassy-bangkok/,https://www.gov.uk/government/world/organisations,
http://www.fco.gov.uk/en/travel-and-living-abroad/find-an-embassy/asia-and-oceania/embassy-beijing/,https://www.gov.uk/government/world/organisations,
http://www.fco.gov.uk/en/travel-and-living-abroad/find-an-embassy/asia-and-oceania/embassy-beijing-consular-visa/,https://www.gov.uk/government/world/organisations,
http://www.fco.gov.uk/en/travel-and-living-abroad/find-an-embassy/asia-and-oceania/embassy-beijing-cultural/,https://www.gov.uk/government/world/organisations,
http://www.fco.gov.uk/en/travel-and-living-abroad/find-an-embassy/asia-and-oceania/embassy-hanoi/,https://www.gov.uk/government/world/organisations,
http://www.fco.gov.uk/en/travel-and-living-abroad/find-an-embassy/asia-and-oceania/embassy-jakarta/,https://www.gov.uk/government/world/organisations,
http://www.fco.gov.uk/en/travel-and-living-abroad/find-an-embassy/asia-and-oceania/embassy-kathmandu/,https://www.gov.uk/government/world/organisations,
http://www.fco.gov.uk/en/travel-and-living-abroad/find-an-embassy/asia-and-oceania/embassy-manila/,https://www.gov.uk/government/world/organisations,
http://www.fco.gov.uk/en/travel-and-living-abroad/find-an-embassy/asia-and-oceania/embassy-phnom-penh/,https://www.gov.uk/government/world/organisations,
http://www.fco.gov.uk/en/travel-and-living-abroad/find-an-embassy/asia-and-oceania/embassy-seoul/,https://www.gov.uk/government/world/organisations,
http://www.fco.gov.uk/en/travel-and-living-abroad/find-an-embassy/asia-and-oceania/embassy-tokyo/,https://www.gov.uk/government/world/organisations,
http://www.fco.gov.uk/en/travel-and-living-abroad/find-an-embassy/asia-and-oceania/embassy-tokyo--cultural/,https://www.gov.uk/government/world/organisations,
http://www.fco.gov.uk/en/travel-and-living-abroad/find-an-embassy/asia-and-oceania/fiji-high-commission-suva1/,https://www.gov.uk/government/world/organisations,
http://www.fco.gov.uk/en/travel-and-living-abroad/find-an-embassy/asia-and-oceania/high-commission-canberra/,https://www.gov.uk/government/world/organisations,
http://www.fco.gov.uk/en/travel-and-living-abroad/find-an-embassy/asia-and-oceania/high-commission-colombo/,https://www.gov.uk/government/world/organisations,
http://www.fco.gov.uk/en/travel-and-living-abroad/find-an-embassy/asia-and-oceania/high-commission-dhaka/,https://www.gov.uk/government/world/organisations,
http://www.fco.gov.uk/en/travel-and-living-abroad/find-an-embassy/asia-and-oceania/high-commission-islamabad/,https://www.gov.uk/government/world/organisations,
http://www.fco.gov.uk/en/travel-and-living-abroad/find-an-embassy/asia-and-oceania/high-commission-kuala-lumpur/,https://www.gov.uk/government/world/organisations,
http://www.fco.gov.uk/en/travel-and-living-abroad/find-an-embassy/asia-and-oceania/high-commission-new-delhi/,https://www.gov.uk/government/world/organisations,
http://www.fco.gov.uk/en/travel-and-living-abroad/find-an-embassy/asia-and-oceania/high-commission-singapore/,https://www.gov.uk/government/world/organisations,
http://www.fco.gov.uk/en/travel-and-living-abroad/find-an-embassy/asia-and-oceania/high-commission-wellington/,https://www.gov.uk/government/world/organisations,
http://www.fco.gov.uk/en/travel-and-living-abroad/find-an-embassy/asia-and-oceania/hon-consular-271106/,https://www.gov.uk/government/world/organisations,
http://www.fco.gov.uk/en/travel-and-living-abroad/find-an-embassy/asia-and-oceania/hon-consulate-bali/,https://www.gov.uk/government/world/organisations,
http://www.fco.gov.uk/en/travel-and-living-abroad/find-an-embassy/asia-and-oceania/hon-consulate-chiang-mai/,https://www.gov.uk/government/world/organisations,
http://www.fco.gov.uk/en/travel-and-living-abroad/find-an-embassy/asia-and-oceania/hon-consulate-fukuoka/,https://www.gov.uk/government/world/organisations,
http://www.fco.gov.uk/en/travel-and-living-abroad/find-an-embassy/asia-and-oceania/hon-consul-bishkek/,https://www.gov.uk/government/world/organisations,
http://www.fco.gov.uk/en/travel-and-living-abroad/find-an-embassy/asia-and-oceania/hon-consul-cebu/,https://www.gov.uk/government/world/organisations,
http://www.fco.gov.uk/en/travel-and-living-abroad/find-an-embassy/asia-and-oceania/hon-consul-macao/,https://www.gov.uk/government/world/organisations,
http://www.fco.gov.uk/en/travel-and-living-abroad/find-an-embassy/asia-and-oceania/hon-consuls-pusan/,https://www.gov.uk/government/world/organisations,
http://www.fco.gov.uk/en/travel-and-living-abroad/find-an-embassy/asia-and-oceania/honorary-consul-darwin/,https://www.gov.uk/government/world/organisations,
http://www.fco.gov.uk/en/travel-and-living-abroad/find-an-embassy/asia-and-oceania/indian-ocean-territory/,https://www.gov.uk/government/world/organisations,
http://www.fco.gov.uk/en/travel-and-living-abroad/find-an-embassy/asia-and-oceania/kiribat1/,https://www.gov.uk/government/world/organisations,
http://www.fco.gov.uk/en/travel-and-living-abroad/find-an-embassy/asia-and-oceania/korea-dpr-north-korea/,https://www.gov.uk/government/world/organisations,
http://www.fco.gov.uk/en/travel-and-living-abroad/find-an-embassy/asia-and-oceania/laos/,https://www.gov.uk/government/world/organisations,
http://www.fco.gov.uk/en/travel-and-living-abroad/find-an-embassy/asia-and-oceania/maldives1/,https://www.gov.uk/government/world/organisations,
http://www.fco.gov.uk/en/travel-and-living-abroad/find-an-embassy/asia-and-oceania/marshall-islands/,https://www.gov.uk/government/world/organisations,
http://www.fco.gov.uk/en/travel-and-living-abroad/find-an-embassy/asia-and-oceania/micronesia/,https://www.gov.uk/government/world/organisations,
http://www.fco.gov.uk/en/travel-and-living-abroad/find-an-embassy/asia-and-oceania/mongolia/,https://www.gov.uk/government/world/organisations,
http://www.fco.gov.uk/en/travel-and-living-abroad/find-an-embassy/asia-and-oceania/nauru1/,https://www.gov.uk/government/world/organisations,
http://www.fco.gov.uk/en/travel-and-living-abroad/find-an-embassy/asia-and-oceania/of-hon-consul-apia/,https://www.gov.uk/government/world/organisations,
http://www.fco.gov.uk/en/travel-and-living-abroad/find-an-embassy/asia-and-oceania/of-hon-consul-johor-bahru/,https://www.gov.uk/government/world/organisations,
http://www.fco.gov.uk/en/travel-and-living-abroad/find-an-embassy/asia-and-oceania/of-hon-consul-kota-kinabalu/,https://www.gov.uk/government/world/organisations,
http://www.fco.gov.uk/en/travel-and-living-abroad/find-an-embassy/asia-and-oceania/of-hon-consul-kuching/,https://www.gov.uk/government/world/organisations,
http://www.fco.gov.uk/en/travel-and-living-abroad/find-an-embassy/asia-and-oceania/of-hon-consul-miri-sarawak/,https://www.gov.uk/government/world/organisations,
http://www.fco.gov.uk/en/travel-and-living-abroad/find-an-embassy/asia-and-oceania/of-hon-consul-penang/,https://www.gov.uk/government/world/organisations,
http://www.fco.gov.uk/en/travel-and-living-abroad/find-an-embassy/asia-and-oceania/of-hon-consul-rarotonga-cook/,https://www.gov.uk/government/world/organisations,
http://www.fco.gov.uk/en/travel-and-living-abroad/find-an-embassy/asia-and-oceania/palau/,https://www.gov.uk/government/world/organisations,
http://www.fco.gov.uk/en/travel-and-living-abroad/find-an-embassy/asia-and-oceania/papua-new-guinea/,https://www.gov.uk/government/world/organisations,
http://www.fco.gov.uk/en/travel-and-living-abroad/find-an-embassy/asia-and-oceania/pitcairn-henderson-ducie-oeno/,https://www.gov.uk/government/world/organisations,
http://www.fco.gov.uk/en/travel-and-living-abroad/find-an-embassy/asia-and-oceania/solomon-islands/,https://www.gov.uk/government/world/organisations,
http://www.fco.gov.uk/en/travel-and-living-abroad/find-an-embassy/asia-and-oceania/tajikistan/,https://www.gov.uk/government/world/organisations,
http://www.fco.gov.uk/en/travel-and-living-abroad/find-an-embassy/asia-and-oceania/tonga1/,https://www.gov.uk/government/world/organisations,
http://www.fco.gov.uk/en/travel-and-living-abroad/find-an-embassy/asia-and-oceania/tourist-assistance--goa/,https://www.gov.uk/government/world/organisations,
http://www.fco.gov.uk/en/travel-and-living-abroad/find-an-embassy/asia-and-oceania/trade/,https://www.gov.uk/government/world/organisations,
http://www.fco.gov.uk/en/travel-and-living-abroad/find-an-embassy/asia-and-oceania/trade-ahmedabad/,https://www.gov.uk/government/world/organisations,
http://www.fco.gov.uk/en/travel-and-living-abroad/find-an-embassy/asia-and-oceania/trade-bangalore/,https://www.gov.uk/government/world/organisations,
http://www.fco.gov.uk/en/travel-and-living-abroad/find-an-embassy/asia-and-oceania/trade-consulate-christchurch/,https://www.gov.uk/government/world/organisations,
http://www.fco.gov.uk/en/travel-and-living-abroad/find-an-embassy/asia-and-oceania/trade-cultural-taipei-taiwan/,https://www.gov.uk/government/world/organisations,
http://www.fco.gov.uk/en/travel-and-living-abroad/find-an-embassy/asia-and-oceania/trade-pune/,https://www.gov.uk/government/world/organisations,
http://www.fco.gov.uk/en/travel-and-living-abroad/find-an-embassy/asia-and-oceania/turkmenistan/,https://www.gov.uk/government/world/organisations,
http://www.fco.gov.uk/en/travel-and-living-abroad/find-an-embassy/asia-and-oceania/tuvalu1/,https://www.gov.uk/government/world/organisations,
http://www.fco.gov.uk/en/travel-and-living-abroad/find-an-embassy/asia-and-oceania/uzbekistan/,https://www.gov.uk/government/world/organisations,
http://www.fco.gov.uk/en/travel-and-living-abroad/find-an-embassy/asia-and-oceania/vanuata1/,https://www.gov.uk/government/world/organisations,
http://www.fco.gov.uk/en/travel-and-living-abroad/find-an-embassy/asia-and-oceania/visa-consular-almaty/,https://www.gov.uk/government/world/organisations,
http://www.fco.gov.uk/en/travel-and-living-abroad/find-an-embassy/asia-and-oceania/visa-liaison-sylhet/,https://www.gov.uk/government/world/organisations,
http://www.fco.gov.uk/en/travel-and-living-abroad/find-an-embassy/europe/,https://www.gov.uk/government/world/organisations,
http://www.fco.gov.uk/en/travel-and-living-abroad/find-an-embassy/europe/albania/,https://www.gov.uk/government/world/organisations,
http://www.fco.gov.uk/en/travel-and-living-abroad/find-an-embassy/europe/armenia/,https://www.gov.uk/government/world/organisations,
http://www.fco.gov.uk/en/travel-and-living-abroad/find-an-embassy/europe/azerbaijan/,https://www.gov.uk/government/world/organisations,
http://www.fco.gov.uk/en/travel-and-living-abroad/find-an-embassy/europe/barcelona/,https://www.gov.uk/government/world/organisations,
http://www.fco.gov.uk/en/travel-and-living-abroad/find-an-embassy/europe/belarus/,https://www.gov.uk/government/world/organisations,
http://www.fco.gov.uk/en/travel-and-living-abroad/find-an-embassy/europe/brit-council-ankara/,https://www.gov.uk/government/world/organisations,
http://www.fco.gov.uk/en/travel-and-living-abroad/find-an-embassy/europe/brit-council-istanbul/,https://www.gov.uk/government/world/organisations,
http://www.fco.gov.uk/en/travel-and-living-abroad/find-an-embassy/europe/brit-council-kyiv/,https://www.gov.uk/government/world/organisations,
http://www.fco.gov.uk/en/travel-and-living-abroad/find-an-embassy/europe/brit-council-prague/,https://www.gov.uk/government/world/organisations,
http://www.fco.gov.uk/en/travel-and-living-abroad/find-an-embassy/europe/consular-vienna/,https://www.gov.uk/government/world/organisations,
http://www.fco.gov.uk/en/travel-and-living-abroad/find-an-embassy/europe/consulate-alesund/,https://www.gov.uk/government/world/organisations,
http://www.fco.gov.uk/en/travel-and-living-abroad/find-an-embassy/europe/consulate-alicante/,https://www.gov.uk/government/world/organisations,
http://www.fco.gov.uk/en/travel-and-living-abroad/find-an-embassy/europe/consulate-bilbao/,https://www.gov.uk/government/world/organisations,
http://www.fco.gov.uk/en/travel-and-living-abroad/find-an-embassy/europe/consulate-bordeaux/,https://www.gov.uk/government/world/organisations,
http://www.fco.gov.uk/en/travel-and-living-abroad/find-an-embassy/europe/consulate-corfu/,https://www.gov.uk/government/world/organisations,
http://www.fco.gov.uk/en/travel-and-living-abroad/find-an-embassy/europe/consulate-general-amsterdam/,https://www.gov.uk/government/world/organisations,
http://www.fco.gov.uk/en/travel-and-living-abroad/find-an-embassy/europe/consulate-general-barcelona/,https://www.gov.uk/government/world/organisations,
http://www.fco.gov.uk/en/travel-and-living-abroad/find-an-embassy/europe/consulate-general-dusseldorf/,https://www.gov.uk/government/world/organisations,
http://www.fco.gov.uk/en/travel-and-living-abroad/find-an-embassy/europe/consulate-general-ekaterinburg/,https://www.gov.uk/government/world/organisations,
http://www.fco.gov.uk/en/travel-and-living-abroad/find-an-embassy/europe/consulate-general-istanbul/,https://www.gov.uk/government/world/organisations,
http://www.fco.gov.uk/en/travel-and-living-abroad/find-an-embassy/europe/consulate-general-madrid/,https://www.gov.uk/government/world/organisations,
http://www.fco.gov.uk/en/travel-and-living-abroad/find-an-embassy/europe/consulate-general-milan/,https://www.gov.uk/government/world/organisations,
http://www.fco.gov.uk/en/travel-and-living-abroad/find-an-embassy/europe/consulate-general-munich/,https://www.gov.uk/government/world/organisations,
http://www.fco.gov.uk/en/travel-and-living-abroad/find-an-embassy/europe/consulate-general-paris/,https://www.gov.uk/government/world/organisations,
http://www.fco.gov.uk/en/travel-and-living-abroad/find-an-embassy/europe/consulate-ibiza/,https://www.gov.uk/government/world/organisations,
http://www.fco.gov.uk/en/travel-and-living-abroad/find-an-embassy/europe/consulate-izmir/,https://www.gov.uk/government/world/organisations,
http://www.fco.gov.uk/en/travel-and-living-abroad/find-an-embassy/europe/consulate-las-palmas/,https://www.gov.uk/government/world/organisations,
http://www.fco.gov.uk/en/travel-and-living-abroad/find-an-embassy/europe/consulate-lisbon/,https://www.gov.uk/government/world/organisations,
http://www.fco.gov.uk/en/travel-and-living-abroad/find-an-embassy/europe/consulate-lyon/,https://www.gov.uk/government/world/organisations,
http://www.fco.gov.uk/en/travel-and-living-abroad/find-an-embassy/europe/consulate-malaga/,https://www.gov.uk/government/world/organisations,
http://www.fco.gov.uk/en/travel-and-living-abroad/find-an-embassy/europe/consulate-marseille/,https://www.gov.uk/government/world/organisations,
http://www.fco.gov.uk/en/travel-and-living-abroad/find-an-embassy/europe/consulate-naples/,https://www.gov.uk/government/world/organisations,
http://www.fco.gov.uk/en/travel-and-living-abroad/find-an-embassy/europe/consulate-oporto/,https://www.gov.uk/government/world/organisations,
http://www.fco.gov.uk/en/travel-and-living-abroad/find-an-embassy/europe/consulate-palma/,https://www.gov.uk/government/world/organisations,
http://www.fco.gov.uk/en/travel-and-living-abroad/find-an-embassy/europe/consulate-portimao/,https://www.gov.uk/government/world/organisations,
http://www.fco.gov.uk/en/travel-and-living-abroad/find-an-embassy/europe/consulate-santa-cruz-de-tenerife/,https://www.gov.uk/government/world/organisations,
http://www.fco.gov.uk/en/travel-and-living-abroad/find-an-embassy/europe/consulate-thessaloniki/,https://www.gov.uk/government/world/organisations,
http://www.fco.gov.uk/en/travel-and-living-abroad/find-an-embassy/europe/consul-gen-st-petersburg/,https://www.gov.uk/government/world/organisations,
http://www.fco.gov.uk/en/travel-and-living-abroad/find-an-embassy/europe/east-mediterranean-relay-station/,https://www.gov.uk/government/world/organisations,
http://www.fco.gov.uk/en/travel-and-living-abroad/find-an-embassy/europe/embassy-ankara/,https://www.gov.uk/government/world/organisations,
http://www.fco.gov.uk/en/travel-and-living-abroad/find-an-embassy/europe/embassy-athens/,https://www.gov.uk/government/world/organisations,
http://www.fco.gov.uk/en/travel-and-living-abroad/find-an-embassy/europe/embassy-banja-luka/,https://www.gov.uk/government/world/organisations,
http://www.fco.gov.uk/en/travel-and-living-abroad/find-an-embassy/europe/embassy-belgrade/,https://www.gov.uk/government/world/organisations,
http://www.fco.gov.uk/en/travel-and-living-abroad/find-an-embassy/europe/embassy-berlin/,https://www.gov.uk/government/world/organisations,
http://www.fco.gov.uk/en/travel-and-living-abroad/find-an-embassy/europe/embassy-berne/,https://www.gov.uk/government/world/organisations,
http://www.fco.gov.uk/en/travel-and-living-abroad/find-an-embassy/europe/embassy-brussels/,https://www.gov.uk/government/world/organisations,
http://www.fco.gov.uk/en/travel-and-living-abroad/find-an-embassy/europe/embassy-copenhagen/,https://www.gov.uk/government/world/organisations,
http://www.fco.gov.uk/en/travel-and-living-abroad/find-an-embassy/europe/embassy-hague/,https://www.gov.uk/government/world/organisations,
http://www.fco.gov.uk/en/travel-and-living-abroad/find-an-embassy/europe/embassy-helsinki/,https://www.gov.uk/government/world/organisations,
http://www.fco.gov.uk/en/travel-and-living-abroad/find-an-embassy/europe/embassy-kyiv/,https://www.gov.uk/government/world/organisations,
http://www.fco.gov.uk/en/travel-and-living-abroad/find-an-embassy/europe/embassy-lisbon/,https://www.gov.uk/government/world/organisations,
http://www.fco.gov.uk/en/travel-and-living-abroad/find-an-embassy/europe/embassy-madrid/,https://www.gov.uk/government/world/organisations,
http://www.fco.gov.uk/en/travel-and-living-abroad/find-an-embassy/europe/embassy-moscow/,https://www.gov.uk/government/world/organisations,
http://www.fco.gov.uk/en/travel-and-living-abroad/find-an-embassy/europe/embassy-oslo/,https://www.gov.uk/government/world/organisations,
http://www.fco.gov.uk/en/travel-and-living-abroad/find-an-embassy/europe/embassy-paris/,https://www.gov.uk/government/world/organisations,
http://www.fco.gov.uk/en/travel-and-living-abroad/find-an-embassy/europe/embassy-prague/,https://www.gov.uk/government/world/organisations,
http://www.fco.gov.uk/en/travel-and-living-abroad/find-an-embassy/europe/embassy-reykjavik/,https://www.gov.uk/government/world/organisations,
http://www.fco.gov.uk/en/travel-and-living-abroad/find-an-embassy/europe/embassy-rome/,https://www.gov.uk/government/world/organisations,
http://www.fco.gov.uk/en/travel-and-living-abroad/find-an-embassy/europe/embassy-sarajevo/,https://www.gov.uk/government/world/organisations,
http://www.fco.gov.uk/en/travel-and-living-abroad/find-an-embassy/europe/embassy-sofia/,https://www.gov.uk/government/world/organisations,
http://www.fco.gov.uk/en/travel-and-living-abroad/find-an-embassy/europe/embassy-vienna/,https://www.gov.uk/government/world/organisations,
http://www.fco.gov.uk/en/travel-and-living-abroad/find-an-embassy/europe/embassy-warsaw/,https://www.gov.uk/government/world/organisations,
http://www.fco.gov.uk/en/travel-and-living-abroad/find-an-embassy/europe/embassy-zagreb/,https://www.gov.uk/government/world/organisations,
http://www.fco.gov.uk/en/travel-and-living-abroad/find-an-embassy/europe/estonia/,https://www.gov.uk/government/world/organisations,
http://www.fco.gov.uk/en/travel-and-living-abroad/find-an-embassy/europe/georgia/,https://www.gov.uk/government/world/organisations,
http://www.fco.gov.uk/en/travel-and-living-abroad/find-an-embassy/europe/gibraltar/,https://www.gov.uk/government/world/organisations,
http://www.fco.gov.uk/en/travel-and-living-abroad/find-an-embassy/europe/high-commission-nicosia/,https://www.gov.uk/government/world/organisations,
http://www.fco.gov.uk/en/travel-and-living-abroad/find-an-embassy/europe/holy-see/,https://www.gov.uk/government/world/organisations,
http://www.fco.gov.uk/en/travel-and-living-abroad/find-an-embassy/europe/hon-consul-aabenraa/,https://www.gov.uk/government/world/organisations,
http://www.fco.gov.uk/en/travel-and-living-abroad/find-an-embassy/europe/hon-consul-adana/,https://www.gov.uk/government/world/organisations,
http://www.fco.gov.uk/en/travel-and-living-abroad/find-an-embassy/europe/hon-consul-aland-islands/,https://www.gov.uk/government/world/organisations,
http://www.fco.gov.uk/en/travel-and-living-abroad/find-an-embassy/europe/hon-consul-arhus/,https://www.gov.uk/government/world/organisations,
http://www.fco.gov.uk/en/travel-and-living-abroad/find-an-embassy/europe/hon-consulate-seville/,https://www.gov.uk/government/world/organisations,
http://www.fco.gov.uk/en/travel-and-living-abroad/find-an-embassy/europe/hon-consulate-s-miguel-azores/,https://www.gov.uk/government/world/organisations,
http://www.fco.gov.uk/en/travel-and-living-abroad/find-an-embassy/europe/hon-consul-bergen/,https://www.gov.uk/government/world/organisations,
http://www.fco.gov.uk/en/travel-and-living-abroad/find-an-embassy/europe/hon-consul-bodo/,https://www.gov.uk/government/world/organisations,
http://www.fco.gov.uk/en/travel-and-living-abroad/find-an-embassy/europe/hon-consul-bodrum/,https://www.gov.uk/government/world/organisations,
http://www.fco.gov.uk/en/travel-and-living-abroad/find-an-embassy/europe/hon-consul-bremen/,https://www.gov.uk/government/world/organisations,
http://www.fco.gov.uk/en/travel-and-living-abroad/find-an-embassy/europe/honconsul-cadiz/,https://www.gov.uk/government/world/organisations,
http://www.fco.gov.uk/en/travel-and-living-abroad/find-an-embassy/europe/hon-consul-dubrovnik/,https://www.gov.uk/government/world/organisations,
http://www.fco.gov.uk/en/travel-and-living-abroad/find-an-embassy/europe/hon-consul-fethiye/,https://www.gov.uk/government/world/organisations,
http://www.fco.gov.uk/en/travel-and-living-abroad/find-an-embassy/europe/hon-consul-frankfurt/,https://www.gov.uk/government/world/organisations,
http://www.fco.gov.uk/en/travel-and-living-abroad/find-an-embassy/europe/hon-consul-fredericia/,https://www.gov.uk/government/world/organisations,
http://www.fco.gov.uk/en/travel-and-living-abroad/find-an-embassy/europe/hon-consul-funchal-madeira/,https://www.gov.uk/government/world/organisations,
http://www.fco.gov.uk/en/travel-and-living-abroad/find-an-embassy/europe/hon-consul-hamburg/,https://www.gov.uk/government/world/organisations,
http://www.fco.gov.uk/en/travel-and-living-abroad/find-an-embassy/europe/hon-consul-hannover/,https://www.gov.uk/government/world/organisations,
http://www.fco.gov.uk/en/travel-and-living-abroad/find-an-embassy/europe/hon-consul-herning/,https://www.gov.uk/government/world/organisations,
http://www.fco.gov.uk/en/travel-and-living-abroad/find-an-embassy/europe/hon-consul-jyvaskyla/,https://www.gov.uk/government/world/organisations,
http://www.fco.gov.uk/en/travel-and-living-abroad/find-an-embassy/europe/hon-consul-kiel/,https://www.gov.uk/government/world/organisations,
http://www.fco.gov.uk/en/travel-and-living-abroad/find-an-embassy/europe/hon-consul-kotka/,https://www.gov.uk/government/world/organisations,
http://www.fco.gov.uk/en/travel-and-living-abroad/find-an-embassy/europe/hon-consul-kristiansand/,https://www.gov.uk/government/world/organisations,
http://www.fco.gov.uk/en/travel-and-living-abroad/find-an-embassy/europe/hon-consul-kuopio/,https://www.gov.uk/government/world/organisations,
http://www.fco.gov.uk/en/travel-and-living-abroad/find-an-embassy/europe/hon-consul-marmaris/,https://www.gov.uk/government/world/organisations,
http://www.fco.gov.uk/en/travel-and-living-abroad/find-an-embassy/europe/hon-consul-nuremberg/,https://www.gov.uk/government/world/organisations,
http://www.fco.gov.uk/en/travel-and-living-abroad/find-an-embassy/europe/hon-consul-oulu/,https://www.gov.uk/government/world/organisations,
http://www.fco.gov.uk/en/travel-and-living-abroad/find-an-embassy/europe/hon-consul-rovaniemi/,https://www.gov.uk/government/world/organisations,
http://www.fco.gov.uk/en/travel-and-living-abroad/find-an-embassy/europe/hon-consul-split/,https://www.gov.uk/government/world/organisations,
http://www.fco.gov.uk/en/travel-and-living-abroad/find-an-embassy/europe/hon-consul-stavanger/,https://www.gov.uk/government/world/organisations,
http://www.fco.gov.uk/en/travel-and-living-abroad/find-an-embassy/europe/hon-consul-stuttgart/,https://www.gov.uk/government/world/organisations,
http://www.fco.gov.uk/en/travel-and-living-abroad/find-an-embassy/europe/hon-consul-tampere/,https://www.gov.uk/government/world/organisations,
http://www.fco.gov.uk/en/travel-and-living-abroad/find-an-embassy/europe/hon-consul-torshavn-faroe/,https://www.gov.uk/government/world/organisations,
http://www.fco.gov.uk/en/travel-and-living-abroad/find-an-embassy/europe/hon-consul-tromso/,https://www.gov.uk/government/world/organisations,
http://www.fco.gov.uk/en/travel-and-living-abroad/find-an-embassy/europe/hon-consul-trondheim/,https://www.gov.uk/government/world/organisations,
http://www.fco.gov.uk/en/travel-and-living-abroad/find-an-embassy/europe/hon-consul-turku/,https://www.gov.uk/government/world/organisations,
http://www.fco.gov.uk/en/travel-and-living-abroad/find-an-embassy/europe/hon-consul-vaasa/,https://www.gov.uk/government/world/organisations,
http://www.fco.gov.uk/en/travel-and-living-abroad/find-an-embassy/europe/hon-consul-vigo/,https://www.gov.uk/government/world/organisations,
http://www.fco.gov.uk/en/travel-and-living-abroad/find-an-embassy/europe/hon-vice-consul-akureyri/,https://www.gov.uk/government/world/organisations,
http://www.fco.gov.uk/en/travel-and-living-abroad/find-an-embassy/europe/hon-vice-consul-benidorm/,https://www.gov.uk/government/world/organisations,
http://www.fco.gov.uk/en/travel-and-living-abroad/find-an-embassy/europe/hon-vice-consul-menorca/,https://www.gov.uk/government/world/organisations,
http://www.fco.gov.uk/en/travel-and-living-abroad/find-an-embassy/europe/hon-vice-consul-patras/,https://www.gov.uk/government/world/organisations,
http://www.fco.gov.uk/en/travel-and-living-abroad/find-an-embassy/europe/hon-vice-consul-rhodes/,https://www.gov.uk/government/world/organisations,
http://www.fco.gov.uk/en/travel-and-living-abroad/find-an-embassy/europe/hon-vice-consul-zakynthos/,https://www.gov.uk/government/world/organisations,
http://www.fco.gov.uk/en/travel-and-living-abroad/find-an-embassy/europe/hungary/,https://www.gov.uk/government/world/organisations,
http://www.fco.gov.uk/en/travel-and-living-abroad/find-an-embassy/europe/ireland/,https://www.gov.uk/government/world/organisations,
http://www.fco.gov.uk/en/travel-and-living-abroad/find-an-embassy/europe/latvia/,https://www.gov.uk/government/world/organisations,
http://www.fco.gov.uk/en/travel-and-living-abroad/find-an-embassy/europe/liechtenstein/,https://www.gov.uk/government/world/organisations,
http://www.fco.gov.uk/en/travel-and-living-abroad/find-an-embassy/europe/lithuania/,https://www.gov.uk/government/world/organisations,
http://www.fco.gov.uk/en/travel-and-living-abroad/find-an-embassy/europe/luxembourg/,https://www.gov.uk/government/world/organisations,
http://www.fco.gov.uk/en/travel-and-living-abroad/find-an-embassy/europe/macedonia/,https://www.gov.uk/government/world/organisations,
http://www.fco.gov.uk/en/travel-and-living-abroad/find-an-embassy/europe/malta1/,https://www.gov.uk/government/world/organisations,
http://www.fco.gov.uk/en/travel-and-living-abroad/find-an-embassy/europe/moldova/,https://www.gov.uk/government/world/organisations,
http://www.fco.gov.uk/en/travel-and-living-abroad/find-an-embassy/europe/monaco/,https://www.gov.uk/government/world/organisations,
http://www.fco.gov.uk/en/travel-and-living-abroad/find-an-embassy/europe/montenegro1/,https://www.gov.uk/government/world/organisations,
http://www.fco.gov.uk/en/travel-and-living-abroad/find-an-embassy/europe/office-pristina/,https://www.gov.uk/government/world/organisations,
http://www.fco.gov.uk/en/travel-and-living-abroad/find-an-embassy/europe/romania/,https://www.gov.uk/government/world/organisations,
http://www.fco.gov.uk/en/travel-and-living-abroad/find-an-embassy/europe/san-marino1/,https://www.gov.uk/government/world/organisations,
http://www.fco.gov.uk/en/travel-and-living-abroad/find-an-embassy/europe/slovakia/,https://www.gov.uk/government/world/organisations,
http://www.fco.gov.uk/en/travel-and-living-abroad/find-an-embassy/europe/slovenia/,https://www.gov.uk/government/world/organisations,
http://www.fco.gov.uk/en/travel-and-living-abroad/find-an-embassy/europe/sweden/,https://www.gov.uk/government/world/organisations,
http://www.fco.gov.uk/en/travel-and-living-abroad/find-an-embassy/europe/vice-consulate-antalya/,https://www.gov.uk/government/world/organisations,
http://www.fco.gov.uk/en/travel-and-living-abroad/find-an-embassy/europe/vice-consulate-heraklion/,https://www.gov.uk/government/world/organisations,
http://www.fco.gov.uk/en/travel-and-living-abroad/find-an-embassy/middle-east-and-north-africa/,https://www.gov.uk/government/world/organisations,
http://www.fco.gov.uk/en/travel-and-living-abroad/find-an-embassy/middle-east-and-north-africa/algeria/,https://www.gov.uk/government/world/organisations,
http://www.fco.gov.uk/en/travel-and-living-abroad/find-an-embassy/middle-east-and-north-africa/bahrain/,https://www.gov.uk/government/world/organisations,
http://www.fco.gov.uk/en/travel-and-living-abroad/find-an-embassy/middle-east-and-north-africa/consulate-general-alexandria/,https://www.gov.uk/government/world/organisations,
http://www.fco.gov.uk/en/travel-and-living-abroad/find-an-embassy/middle-east-and-north-africa/consulate-general-jeddah/,https://www.gov.uk/government/world/organisations,
http://www.fco.gov.uk/en/travel-and-living-abroad/find-an-embassy/middle-east-and-north-africa/consulate-general-jerusalem/,https://www.gov.uk/government/world/organisations,
http://www.fco.gov.uk/en/travel-and-living-abroad/find-an-embassy/middle-east-and-north-africa/consulate-general-tel-aviv/,https://www.gov.uk/government/world/organisations,
http://www.fco.gov.uk/en/travel-and-living-abroad/find-an-embassy/middle-east-and-north-africa/consulate-hodeidah/,https://www.gov.uk/government/world/organisations,
http://www.fco.gov.uk/en/travel-and-living-abroad/find-an-embassy/middle-east-and-north-africa/consulate-tangier/,https://www.gov.uk/government/world/organisations,
http://www.fco.gov.uk/en/travel-and-living-abroad/find-an-embassy/middle-east-and-north-africa/consul-gen-casablanca/,https://www.gov.uk/government/world/organisations,
http://www.fco.gov.uk/en/travel-and-living-abroad/find-an-embassy/middle-east-and-north-africa/embassy-baghdad-iraq/,https://www.gov.uk/government/world/organisations,
http://www.fco.gov.uk/en/travel-and-living-abroad/find-an-embassy/middle-east-and-north-africa/embassy-beirut/,https://www.gov.uk/government/world/organisations,
http://www.fco.gov.uk/en/travel-and-living-abroad/find-an-embassy/middle-east-and-north-africa/embassy-cairo/,https://www.gov.uk/government/world/organisations,
http://www.fco.gov.uk/en/travel-and-living-abroad/find-an-embassy/middle-east-and-north-africa/embassy-damascus/,https://www.gov.uk/government/world/organisations,
http://www.fco.gov.uk/en/travel-and-living-abroad/find-an-embassy/middle-east-and-north-africa/embassy-erbil/,https://www.gov.uk/government/world/organisations,
http://www.fco.gov.uk/en/travel-and-living-abroad/find-an-embassy/middle-east-and-north-africa/embassy-rabat/,https://www.gov.uk/government/world/organisations,
http://www.fco.gov.uk/en/travel-and-living-abroad/find-an-embassy/middle-east-and-north-africa/embassy-riyadh/,https://www.gov.uk/government/world/organisations,
http://www.fco.gov.uk/en/travel-and-living-abroad/find-an-embassy/middle-east-and-north-africa/embassy-sanaa/,https://www.gov.uk/government/world/organisations,
http://www.fco.gov.uk/en/travel-and-living-abroad/find-an-embassy/middle-east-and-north-africa/embassy-tel-aviv/,https://www.gov.uk/government/world/organisations,
http://www.fco.gov.uk/en/travel-and-living-abroad/find-an-embassy/middle-east-and-north-africa/embassy-tunis/,https://www.gov.uk/government/world/organisations,
http://www.fco.gov.uk/en/travel-and-living-abroad/find-an-embassy/middle-east-and-north-africa/fco-britishembassyoffice-basra/,https://www.gov.uk/government/world/organisations,
http://www.fco.gov.uk/en/travel-and-living-abroad/find-an-embassy/middle-east-and-north-africa/hon-consul-aleppo/,https://www.gov.uk/government/world/organisations,
http://www.fco.gov.uk/en/travel-and-living-abroad/find-an-embassy/middle-east-and-north-africa/hon-consulate-agadir/,https://www.gov.uk/government/world/organisations,
http://www.fco.gov.uk/en/travel-and-living-abroad/find-an-embassy/middle-east-and-north-africa/hon-consulate-marrakech/,https://www.gov.uk/government/world/organisations,
http://www.fco.gov.uk/en/travel-and-living-abroad/find-an-embassy/middle-east-and-north-africa/hon-consul-eilat/,https://www.gov.uk/government/world/organisations,
http://www.fco.gov.uk/en/travel-and-living-abroad/find-an-embassy/middle-east-and-north-africa/hon-consul-latakia/,https://www.gov.uk/government/world/organisations,
http://www.fco.gov.uk/en/travel-and-living-abroad/find-an-embassy/middle-east-and-north-africa/hon-consul-mount-lebanon/,https://www.gov.uk/government/world/organisations,
http://www.fco.gov.uk/en/travel-and-living-abroad/find-an-embassy/middle-east-and-north-africa/hon-consul-tripoli/,https://www.gov.uk/government/world/organisations,
http://www.fco.gov.uk/en/travel-and-living-abroad/find-an-embassy/middle-east-and-north-africa/information-services-gaza/,https://www.gov.uk/government/world/organisations,
http://www.fco.gov.uk/en/travel-and-living-abroad/find-an-embassy/middle-east-and-north-africa/iran/,https://www.gov.uk/government/world/organisations,
http://www.fco.gov.uk/en/travel-and-living-abroad/find-an-embassy/middle-east-and-north-africa/jerusalem/,https://www.gov.uk/government/world/organisations,
http://www.fco.gov.uk/en/travel-and-living-abroad/find-an-embassy/middle-east-and-north-africa/jordan/,https://www.gov.uk/government/world/organisations,
http://www.fco.gov.uk/en/travel-and-living-abroad/find-an-embassy/middle-east-and-north-africa/kuwait/,https://www.gov.uk/government/world/organisations,
http://www.fco.gov.uk/en/travel-and-living-abroad/find-an-embassy/middle-east-and-north-africa/libya/,https://www.gov.uk/government/world/organisations,
http://www.fco.gov.uk/en/travel-and-living-abroad/find-an-embassy/middle-east-and-north-africa/mauritania/,https://www.gov.uk/government/world/organisations,
http://www.fco.gov.uk/en/travel-and-living-abroad/find-an-embassy/middle-east-and-north-africa/oman/,https://www.gov.uk/government/world/organisations,
http://www.fco.gov.uk/en/travel-and-living-abroad/find-an-embassy/middle-east-and-north-africa/qatar/,https://www.gov.uk/government/world/organisations,
http://www.fco.gov.uk/en/travel-and-living-abroad/find-an-embassy/middle-east-and-north-africa/trade-al-khobar/,https://www.gov.uk/government/world/organisations,
http://www.fco.gov.uk/en/travel-and-living-abroad/find-an-embassy/middle-east-and-north-africa/uae-abudhabi/,https://www.gov.uk/government/world/organisations,
http://www.fco.gov.uk/en/travel-and-living-abroad/find-an-embassy/middle-east-and-north-africa/uae-dubai/,https://www.gov.uk/government/world/organisations,
http://www.fco.gov.uk/en/travel-and-living-abroad/find-an-embassy/north-and-central-america/,https://www.gov.uk/government/world/organisations,
http://www.fco.gov.uk/en/travel-and-living-abroad/find-an-embassy/north-and-central-america/21562790/,https://www.gov.uk/government/world/organisations,
http://www.fco.gov.uk/en/travel-and-living-abroad/find-an-embassy/north-and-central-america/anguilla/,https://www.gov.uk/government/world/organisations,
http://www.fco.gov.uk/en/travel-and-living-abroad/find-an-embassy/north-and-central-america/antigua-barbuda/,https://www.gov.uk/government/world/organisations,
http://www.fco.gov.uk/en/travel-and-living-abroad/find-an-embassy/north-and-central-america/belize/,https://www.gov.uk/government/world/organisations,
http://www.fco.gov.uk/en/travel-and-living-abroad/find-an-embassy/north-and-central-america/bermuda1/,https://www.gov.uk/government/world/organisations,
http://www.fco.gov.uk/en/travel-and-living-abroad/find-an-embassy/north-and-central-america/cayman-islands/,https://www.gov.uk/government/world/organisations,
http://www.fco.gov.uk/en/travel-and-living-abroad/find-an-embassy/north-and-central-america/consulate-denver/,https://www.gov.uk/government/world/organisations,
http://www.fco.gov.uk/en/travel-and-living-abroad/find-an-embassy/north-and-central-america/consulate-general-atlanta/,https://www.gov.uk/government/world/organisations,
http://www.fco.gov.uk/en/travel-and-living-abroad/find-an-embassy/north-and-central-america/consulate-general-boston/,https://www.gov.uk/government/world/organisations,
http://www.fco.gov.uk/en/travel-and-living-abroad/find-an-embassy/north-and-central-america/consulate-general-chicago/,https://www.gov.uk/government/world/organisations,
http://www.fco.gov.uk/en/travel-and-living-abroad/find-an-embassy/north-and-central-america/consulate-general-houston/,https://www.gov.uk/government/world/organisations,
http://www.fco.gov.uk/en/travel-and-living-abroad/find-an-embassy/north-and-central-america/consulate-general-los-angeles/,https://www.gov.uk/government/world/organisations,
http://www.fco.gov.uk/en/travel-and-living-abroad/find-an-embassy/north-and-central-america/consulate-general-montreal/,https://www.gov.uk/government/world/organisations,
http://www.fco.gov.uk/en/travel-and-living-abroad/find-an-embassy/north-and-central-america/consulate-general-new-york/,https://www.gov.uk/government/world/organisations,
http://www.fco.gov.uk/en/travel-and-living-abroad/find-an-embassy/north-and-central-america/consulate-general-san-francisco/,https://www.gov.uk/government/world/organisations,
http://www.fco.gov.uk/en/travel-and-living-abroad/find-an-embassy/north-and-central-america/consulate-general-toronto/,https://www.gov.uk/government/world/organisations,
http://www.fco.gov.uk/en/travel-and-living-abroad/find-an-embassy/north-and-central-america/consulate-general-vancouver/,https://www.gov.uk/government/world/organisations,
http://www.fco.gov.uk/en/travel-and-living-abroad/find-an-embassy/north-and-central-america/consulate-mexico-city/,https://www.gov.uk/government/world/organisations,
http://www.fco.gov.uk/en/travel-and-living-abroad/find-an-embassy/north-and-central-america/consulate-miami/,https://www.gov.uk/government/world/organisations,
http://www.fco.gov.uk/en/travel-and-living-abroad/find-an-embassy/north-and-central-america/consulate-orlando/,https://www.gov.uk/government/world/organisations,
http://www.fco.gov.uk/en/travel-and-living-abroad/find-an-embassy/north-and-central-america/costa-rica/,https://www.gov.uk/government/world/organisations,
http://www.fco.gov.uk/en/travel-and-living-abroad/find-an-embassy/north-and-central-america/cuba1/,https://www.gov.uk/government/world/organisations,
http://www.fco.gov.uk/en/travel-and-living-abroad/find-an-embassy/north-and-central-america/curacao/,https://www.gov.uk/government/world/organisations,
http://www.fco.gov.uk/en/travel-and-living-abroad/find-an-embassy/north-and-central-america/dfid-bridgetown/,https://www.gov.uk/government/world/organisations,
http://www.fco.gov.uk/en/travel-and-living-abroad/find-an-embassy/north-and-central-america/dfid-development-tegucigalpa/,https://www.gov.uk/government/world/organisations,
http://www.fco.gov.uk/en/travel-and-living-abroad/find-an-embassy/north-and-central-america/dfid-managua/,https://www.gov.uk/government/world/organisations,
http://www.fco.gov.uk/en/travel-and-living-abroad/find-an-embassy/north-and-central-america/embassy-mexico-city/,https://www.gov.uk/government/world/organisations,
http://www.fco.gov.uk/en/travel-and-living-abroad/find-an-embassy/north-and-central-america/embassy-santo-domingo/,https://www.gov.uk/government/world/organisations,
http://www.fco.gov.uk/en/travel-and-living-abroad/find-an-embassy/north-and-central-america/embassy-washington/,https://www.gov.uk/government/world/organisations,
http://www.fco.gov.uk/en/travel-and-living-abroad/find-an-embassy/north-and-central-america/grenada1/,https://www.gov.uk/government/world/organisations,
http://www.fco.gov.uk/en/travel-and-living-abroad/find-an-embassy/north-and-central-america/guatemala1/,https://www.gov.uk/government/world/organisations,
http://www.fco.gov.uk/en/travel-and-living-abroad/find-an-embassy/north-and-central-america/haiti/,https://www.gov.uk/government/world/organisations,
http://www.fco.gov.uk/en/travel-and-living-abroad/find-an-embassy/north-and-central-america/high-commission-bridgetown/,https://www.gov.uk/government/world/organisations,
http://www.fco.gov.uk/en/travel-and-living-abroad/find-an-embassy/north-and-central-america/high-commission-kingston/,https://www.gov.uk/government/world/organisations,
http://www.fco.gov.uk/en/travel-and-living-abroad/find-an-embassy/north-and-central-america/high-commission-ottawa/,https://www.gov.uk/government/world/organisations,
http://www.fco.gov.uk/en/travel-and-living-abroad/find-an-embassy/north-and-central-america/high-commission-roseau/,https://www.gov.uk/government/world/organisations,
http://www.fco.gov.uk/en/travel-and-living-abroad/find-an-embassy/north-and-central-america/hon-consulate-cancun/,https://www.gov.uk/government/world/organisations,
http://www.fco.gov.uk/en/travel-and-living-abroad/find-an-embassy/north-and-central-america/hon-consulate-los-cabos/,https://www.gov.uk/government/world/organisations,
http://www.fco.gov.uk/en/travel-and-living-abroad/find-an-embassy/north-and-central-america/hon-consulate-tijuana/,https://www.gov.uk/government/world/organisations,
http://www.fco.gov.uk/en/travel-and-living-abroad/find-an-embassy/north-and-central-america/hon-consul-basseterre/,https://www.gov.uk/government/world/organisations,
http://www.fco.gov.uk/en/travel-and-living-abroad/find-an-embassy/north-and-central-america/hon-consul-managua/,https://www.gov.uk/government/world/organisations,
http://www.fco.gov.uk/en/travel-and-living-abroad/find-an-embassy/north-and-central-america/hon-consul-puerto-plata/,https://www.gov.uk/government/world/organisations,
http://www.fco.gov.uk/en/travel-and-living-abroad/find-an-embassy/north-and-central-america/hon-consul-san-pedro-sula/,https://www.gov.uk/government/world/organisations,
http://www.fco.gov.uk/en/travel-and-living-abroad/find-an-embassy/north-and-central-america/hon-consul-san-salvador-el/,https://www.gov.uk/government/world/organisations,
http://www.fco.gov.uk/en/travel-and-living-abroad/find-an-embassy/north-and-central-america/hon-consul-tegucigalpa/,https://www.gov.uk/government/world/organisations,
http://www.fco.gov.uk/en/travel-and-living-abroad/find-an-embassy/north-and-central-america/montserrat/,https://www.gov.uk/government/world/organisations,
http://www.fco.gov.uk/en/travel-and-living-abroad/find-an-embassy/north-and-central-america/panama/,https://www.gov.uk/government/world/organisations,
http://www.fco.gov.uk/en/travel-and-living-abroad/find-an-embassy/north-and-central-america/saint-lucia/,https://www.gov.uk/government/world/organisations,
http://www.fco.gov.uk/en/travel-and-living-abroad/find-an-embassy/north-and-central-america/saint-vincent-grenadines/,https://www.gov.uk/government/world/organisations,
http://www.fco.gov.uk/en/travel-and-living-abroad/find-an-embassy/north-and-central-america/st-helena/,https://www.gov.uk/government/world/organisations,
http://www.fco.gov.uk/en/travel-and-living-abroad/find-an-embassy/north-and-central-america/the-bahamas/,https://www.gov.uk/government/world/organisations,
http://www.fco.gov.uk/en/travel-and-living-abroad/find-an-embassy/north-and-central-america/trade-calgary/,https://www.gov.uk/government/world/organisations,
http://www.fco.gov.uk/en/travel-and-living-abroad/find-an-embassy/north-and-central-america/trade-investment-phoenix/,https://www.gov.uk/government/world/organisations,
http://www.fco.gov.uk/en/travel-and-living-abroad/find-an-embassy/north-and-central-america/trinidad-tobago/,https://www.gov.uk/government/world/organisations,
http://www.fco.gov.uk/en/travel-and-living-abroad/find-an-embassy/north-and-central-america/turks-caicos-islands/,https://www.gov.uk/government/world/organisations,
http://www.fco.gov.uk/en/travel-and-living-abroad/find-an-embassy/north-and-central-america/virgin-islands/,https://www.gov.uk/government/world/organisations,
http://www.fco.gov.uk/en/travel-and-living-abroad/find-an-embassy/south-america/,https://www.gov.uk/government/world/organisations,
http://www.fco.gov.uk/en/travel-and-living-abroad/find-an-embassy/south-america/21819329/,https://www.gov.uk/government/world/organisations,
http://www.fco.gov.uk/en/travel-and-living-abroad/find-an-embassy/south-america/argentina/,https://www.gov.uk/government/world/organisations,
http://www.fco.gov.uk/en/travel-and-living-abroad/find-an-embassy/south-america/ascension-island/,https://www.gov.uk/government/world/organisations,
http://www.fco.gov.uk/en/travel-and-living-abroad/find-an-embassy/south-america/bolivia/,https://www.gov.uk/government/world/organisations,
http://www.fco.gov.uk/en/travel-and-living-abroad/find-an-embassy/south-america/brit-council-brasilia/,https://www.gov.uk/government/world/organisations,
http://www.fco.gov.uk/en/travel-and-living-abroad/find-an-embassy/south-america/consulate-general-rio-de-janeiro/,https://www.gov.uk/government/world/organisations,
http://www.fco.gov.uk/en/travel-and-living-abroad/find-an-embassy/south-america/consulate-general-sao-paulo/,https://www.gov.uk/government/world/organisations,
http://www.fco.gov.uk/en/travel-and-living-abroad/find-an-embassy/south-america/consul-commercial-porto-alegre/,https://www.gov.uk/government/world/organisations,
http://www.fco.gov.uk/en/travel-and-living-abroad/find-an-embassy/south-america/dfid-brasilia/,https://www.gov.uk/government/world/organisations,
http://www.fco.gov.uk/en/travel-and-living-abroad/find-an-embassy/south-america/embassy-bogota/,https://www.gov.uk/government/world/organisations,
http://www.fco.gov.uk/en/travel-and-living-abroad/find-an-embassy/south-america/embassy-brasilia/,https://www.gov.uk/government/world/organisations,
http://www.fco.gov.uk/en/travel-and-living-abroad/find-an-embassy/south-america/embassy-caracas/,https://www.gov.uk/government/world/organisations,
http://www.fco.gov.uk/en/travel-and-living-abroad/find-an-embassy/south-america/embassy-lima/,https://www.gov.uk/government/world/organisations,
http://www.fco.gov.uk/en/travel-and-living-abroad/find-an-embassy/south-america/embassy-quito/,https://www.gov.uk/government/world/organisations,
http://www.fco.gov.uk/en/travel-and-living-abroad/find-an-embassy/south-america/embassy-santiago/,https://www.gov.uk/government/world/organisations,
http://www.fco.gov.uk/en/travel-and-living-abroad/find-an-embassy/south-america/embassy--trade-guayaquil/,https://www.gov.uk/government/world/organisations,
http://www.fco.gov.uk/en/travel-and-living-abroad/find-an-embassy/south-america/falkland-islands/,https://www.gov.uk/government/world/organisations,
http://www.fco.gov.uk/en/travel-and-living-abroad/find-an-embassy/south-america/guyana/,https://www.gov.uk/government/world/organisations,
http://www.fco.gov.uk/en/travel-and-living-abroad/find-an-embassy/south-america/hon-consul-asuncion-paraguay/,https://www.gov.uk/government/world/organisations,
http://www.fco.gov.uk/en/travel-and-living-abroad/find-an-embassy/south-america/hon-consulate-guayaquil/,https://www.gov.uk/government/world/organisations,
http://www.fco.gov.uk/en/travel-and-living-abroad/find-an-embassy/south-america/hon-consul-belo-horizonte/,https://www.gov.uk/government/world/organisations,
http://www.fco.gov.uk/en/travel-and-living-abroad/find-an-embassy/south-america/hon-consul-cali/,https://www.gov.uk/government/world/organisations,
http://www.fco.gov.uk/en/travel-and-living-abroad/find-an-embassy/south-america/hon-consul-manaus/,https://www.gov.uk/government/world/organisations,
http://www.fco.gov.uk/en/travel-and-living-abroad/find-an-embassy/south-america/hon-consul-maracaibo/,https://www.gov.uk/government/world/organisations,
http://www.fco.gov.uk/en/travel-and-living-abroad/find-an-embassy/south-america/hon-consul-margarita/,https://www.gov.uk/government/world/organisations,
http://www.fco.gov.uk/en/travel-and-living-abroad/find-an-embassy/south-america/hon-consul-medellin/,https://www.gov.uk/government/world/organisations,
http://www.fco.gov.uk/en/travel-and-living-abroad/find-an-embassy/south-america/hon-consul-puerto-montt/,https://www.gov.uk/government/world/organisations,
http://www.fco.gov.uk/en/travel-and-living-abroad/find-an-embassy/south-america/hon-consul-punta-arenas/,https://www.gov.uk/government/world/organisations,
http://www.fco.gov.uk/en/travel-and-living-abroad/find-an-embassy/south-america/hon-consul-salvador/,https://www.gov.uk/government/world/organisations,
http://www.fco.gov.uk/en/travel-and-living-abroad/find-an-embassy/south-america/hon-consul-san-cristobal/,https://www.gov.uk/government/world/organisations,
http://www.fco.gov.uk/en/travel-and-living-abroad/find-an-embassy/south-america/hon-consul-valencia/,https://www.gov.uk/government/world/organisations,
http://www.fco.gov.uk/en/travel-and-living-abroad/find-an-embassy/south-america/hon-consul-valparaiso/,https://www.gov.uk/government/world/organisations,
http://www.fco.gov.uk/en/travel-and-living-abroad/find-an-embassy/south-america/south-georgia-south-sandwich/,https://www.gov.uk/government/world/organisations,
http://www.fco.gov.uk/en/travel-and-living-abroad/find-an-embassy/south-america/suriname/,https://www.gov.uk/government/world/organisations,
http://www.fco.gov.uk/en/travel-and-living-abroad/find-an-embassy/south-america/tristan-da-cunha-dependency-st/,https://www.gov.uk/government/world/organisations,
http://www.fco.gov.uk/en/travel-and-living-abroad/find-an-embassy/south-america/uruguay/,https://www.gov.uk/government/world/organisations,
http://www.fco.gov.uk/en/travel-and-living-abroad/find-an-embassy/south-america/uruguay-hon-consul-puntadelsste/,https://www.gov.uk/government/world/organisations,
http://www.fco.gov.uk/en/travel-and-living-abroad/find-an-embassy/sub-saharan-africa/,https://www.gov.uk/government/world/organisations,
http://www.fco.gov.uk/en/travel-and-living-abroad/find-an-embassy/sub-saharan-africa/135equatorialguinea/,https://www.gov.uk/government/world/organisations,
http://www.fco.gov.uk/en/travel-and-living-abroad/find-an-embassy/sub-saharan-africa/170gabon/,https://www.gov.uk/government/world/organisations,
http://www.fco.gov.uk/en/travel-and-living-abroad/find-an-embassy/sub-saharan-africa/425Togo/,https://www.gov.uk/government/world/organisations,
http://www.fco.gov.uk/en/travel-and-living-abroad/find-an-embassy/sub-saharan-africa/744475482/,https://www.gov.uk/government/world/organisations,
http://www.fco.gov.uk/en/travel-and-living-abroad/find-an-embassy/sub-saharan-africa/angola/,https://www.gov.uk/government/world/organisations,
http://www.fco.gov.uk/en/travel-and-living-abroad/find-an-embassy/sub-saharan-africa/benin/,https://www.gov.uk/government/world/organisations,
http://www.fco.gov.uk/en/travel-and-living-abroad/find-an-embassy/sub-saharan-africa/botswana/,https://www.gov.uk/government/world/organisations,
http://www.fco.gov.uk/en/travel-and-living-abroad/find-an-embassy/sub-saharan-africa/brit-council-abuja/,https://www.gov.uk/government/world/organisations,
http://www.fco.gov.uk/en/travel-and-living-abroad/find-an-embassy/sub-saharan-africa/brit-council-division-kano/,https://www.gov.uk/government/world/organisations,
http://www.fco.gov.uk/en/travel-and-living-abroad/find-an-embassy/sub-saharan-africa/brit-council-kampala/,https://www.gov.uk/government/world/organisations,
http://www.fco.gov.uk/en/travel-and-living-abroad/find-an-embassy/sub-saharan-africa/brit-council-lagos/,https://www.gov.uk/government/world/organisations,
http://www.fco.gov.uk/en/travel-and-living-abroad/find-an-embassy/sub-saharan-africa/brit-council-port-harcourt/,https://www.gov.uk/government/world/organisations,
http://www.fco.gov.uk/en/travel-and-living-abroad/find-an-embassy/sub-saharan-africa/brit-council-windhoek/,https://www.gov.uk/government/world/organisations,
http://www.fco.gov.uk/en/travel-and-living-abroad/find-an-embassy/sub-saharan-africa/burundi/,https://www.gov.uk/government/world/organisations,
http://www.fco.gov.uk/en/travel-and-living-abroad/find-an-embassy/sub-saharan-africa/cameroon1/,https://www.gov.uk/government/world/organisations,
http://www.fco.gov.uk/en/travel-and-living-abroad/find-an-embassy/sub-saharan-africa/cape-verde/,https://www.gov.uk/government/world/organisations,
http://www.fco.gov.uk/en/travel-and-living-abroad/find-an-embassy/sub-saharan-africa/central-african-republic/,https://www.gov.uk/government/world/organisations,
http://www.fco.gov.uk/en/travel-and-living-abroad/find-an-embassy/sub-saharan-africa/chad1/,https://www.gov.uk/government/world/organisations,
http://www.fco.gov.uk/en/travel-and-living-abroad/find-an-embassy/sub-saharan-africa/commercial-liaison-port-harcourt/,https://www.gov.uk/government/world/organisations,
http://www.fco.gov.uk/en/travel-and-living-abroad/find-an-embassy/sub-saharan-africa/commercial-lome/,https://www.gov.uk/government/world/organisations,
http://www.fco.gov.uk/en/travel-and-living-abroad/find-an-embassy/sub-saharan-africa/comoros2/,https://www.gov.uk/government/world/organisations,
http://www.fco.gov.uk/en/travel-and-living-abroad/find-an-embassy/sub-saharan-africa/congo/,https://www.gov.uk/government/world/organisations,
http://www.fco.gov.uk/en/travel-and-living-abroad/find-an-embassy/sub-saharan-africa/congo-democratic-republic/,https://www.gov.uk/government/world/organisations,
http://www.fco.gov.uk/en/travel-and-living-abroad/find-an-embassy/sub-saharan-africa/consular-pretoria/,https://www.gov.uk/government/world/organisations,
http://www.fco.gov.uk/en/travel-and-living-abroad/find-an-embassy/sub-saharan-africa/consul-durban/,https://www.gov.uk/government/world/organisations,
http://www.fco.gov.uk/en/travel-and-living-abroad/find-an-embassy/sub-saharan-africa/consul-gen-cape-town/,https://www.gov.uk/government/world/organisations,
http://www.fco.gov.uk/en/travel-and-living-abroad/find-an-embassy/sub-saharan-africa/cote-divoire/,https://www.gov.uk/government/world/organisations,
http://www.fco.gov.uk/en/travel-and-living-abroad/find-an-embassy/sub-saharan-africa/department-for-international/,https://www.gov.uk/government/world/organisations,
http://www.fco.gov.uk/en/travel-and-living-abroad/find-an-embassy/sub-saharan-africa/deputy-high-commission-lagos/,https://www.gov.uk/government/world/organisations,
http://www.fco.gov.uk/en/travel-and-living-abroad/find-an-embassy/sub-saharan-africa/dfid-addis-ababa/,https://www.gov.uk/government/world/organisations,
http://www.fco.gov.uk/en/travel-and-living-abroad/find-an-embassy/sub-saharan-africa/dfid-banjul/,https://www.gov.uk/government/world/organisations,
http://www.fco.gov.uk/en/travel-and-living-abroad/find-an-embassy/sub-saharan-africa/dfideat-dar-es-salaam/,https://www.gov.uk/government/world/organisations,
http://www.fco.gov.uk/en/travel-and-living-abroad/find-an-embassy/sub-saharan-africa/dfid-harare/,https://www.gov.uk/government/world/organisations,
http://www.fco.gov.uk/en/travel-and-living-abroad/find-an-embassy/sub-saharan-africa/dfid-kampala/,https://www.gov.uk/government/world/organisations,
http://www.fco.gov.uk/en/travel-and-living-abroad/find-an-embassy/sub-saharan-africa/dfid-kenya/,https://www.gov.uk/government/world/organisations,
http://www.fco.gov.uk/en/travel-and-living-abroad/find-an-embassy/sub-saharan-africa/dfid-maseru/,https://www.gov.uk/government/world/organisations,
http://www.fco.gov.uk/en/travel-and-living-abroad/find-an-embassy/sub-saharan-africa/dfid-pretoria/,https://www.gov.uk/government/world/organisations,
http://www.fco.gov.uk/en/travel-and-living-abroad/find-an-embassy/sub-saharan-africa/djibouti/,https://www.gov.uk/government/world/organisations,
http://www.fco.gov.uk/en/travel-and-living-abroad/find-an-embassy/sub-saharan-africa/embassy-addis-ababa/,https://www.gov.uk/government/world/organisations,
http://www.fco.gov.uk/en/travel-and-living-abroad/find-an-embassy/sub-saharan-africa/embassy-harare/,https://www.gov.uk/government/world/organisations,
http://www.fco.gov.uk/en/travel-and-living-abroad/find-an-embassy/sub-saharan-africa/eritrea/,https://www.gov.uk/government/world/organisations,
http://www.fco.gov.uk/en/travel-and-living-abroad/find-an-embassy/sub-saharan-africa/ghana/,https://www.gov.uk/government/world/organisations,
http://www.fco.gov.uk/en/travel-and-living-abroad/find-an-embassy/sub-saharan-africa/guinea/,https://www.gov.uk/government/world/organisations,
http://www.fco.gov.uk/en/travel-and-living-abroad/find-an-embassy/sub-saharan-africa/high-commission-abuja/,https://www.gov.uk/government/world/organisations,
http://www.fco.gov.uk/en/travel-and-living-abroad/find-an-embassy/sub-saharan-africa/high-commission-banjul/,https://www.gov.uk/government/world/organisations,
http://www.fco.gov.uk/en/travel-and-living-abroad/find-an-embassy/sub-saharan-africa/high-commission-dar-es-salaam/,https://www.gov.uk/government/world/organisations,
http://www.fco.gov.uk/en/travel-and-living-abroad/find-an-embassy/sub-saharan-africa/high-commission-kampala/,https://www.gov.uk/government/world/organisations,
http://www.fco.gov.uk/en/travel-and-living-abroad/find-an-embassy/sub-saharan-africa/high-commission-maputo/,https://www.gov.uk/government/world/organisations,
http://www.fco.gov.uk/en/travel-and-living-abroad/find-an-embassy/sub-saharan-africa/high-commission-maseru/,https://www.gov.uk/government/world/organisations,
http://www.fco.gov.uk/en/travel-and-living-abroad/find-an-embassy/sub-saharan-africa/high-commission-mbabane/,https://www.gov.uk/government/world/organisations,
http://www.fco.gov.uk/en/travel-and-living-abroad/find-an-embassy/sub-saharan-africa/high-commission-nairobi/,https://www.gov.uk/government/world/organisations,
http://www.fco.gov.uk/en/travel-and-living-abroad/find-an-embassy/sub-saharan-africa/high-commission-port-louis/,https://www.gov.uk/government/world/organisations,
http://www.fco.gov.uk/en/travel-and-living-abroad/find-an-embassy/sub-saharan-africa/high-commission-pretoria/,https://www.gov.uk/government/world/organisations,
http://www.fco.gov.uk/en/travel-and-living-abroad/find-an-embassy/sub-saharan-africa/high-commission-windhoek/,https://www.gov.uk/government/world/organisations,
http://www.fco.gov.uk/en/travel-and-living-abroad/find-an-embassy/sub-saharan-africa/hon-con-burkina-faso/,https://www.gov.uk/government/world/organisations,
http://www.fco.gov.uk/en/travel-and-living-abroad/find-an-embassy/sub-saharan-africa/hon-consul-beira/,https://www.gov.uk/government/world/organisations,
http://www.fco.gov.uk/en/travel-and-living-abroad/find-an-embassy/sub-saharan-africa/hon-consul-guinea-bissau/,https://www.gov.uk/government/world/organisations,
http://www.fco.gov.uk/en/travel-and-living-abroad/find-an-embassy/sub-saharan-africa/hon-consul-kano/,https://www.gov.uk/government/world/organisations,
http://www.fco.gov.uk/en/travel-and-living-abroad/find-an-embassy/sub-saharan-africa/hon-consul-maseru/,https://www.gov.uk/government/world/organisations,
http://www.fco.gov.uk/en/travel-and-living-abroad/find-an-embassy/sub-saharan-africa/hon-consul-mbabane/,https://www.gov.uk/government/world/organisations,
http://www.fco.gov.uk/en/travel-and-living-abroad/find-an-embassy/sub-saharan-africa/hon-consul-mombasa/,https://www.gov.uk/government/world/organisations,
http://www.fco.gov.uk/en/travel-and-living-abroad/find-an-embassy/sub-saharan-africa/hon-consul-port-elizabeth/,https://www.gov.uk/government/world/organisations,
http://www.fco.gov.uk/en/travel-and-living-abroad/find-an-embassy/sub-saharan-africa/hon-consul-rodrigues/,https://www.gov.uk/government/world/organisations,
http://www.fco.gov.uk/en/travel-and-living-abroad/find-an-embassy/sub-saharan-africa/hon-consul-toamasina/,https://www.gov.uk/government/world/organisations,
http://www.fco.gov.uk/en/travel-and-living-abroad/find-an-embassy/sub-saharan-africa/liaison-ibadan/,https://www.gov.uk/government/world/organisations,
http://www.fco.gov.uk/en/travel-and-living-abroad/find-an-embassy/sub-saharan-africa/liaison-kaduna/,https://www.gov.uk/government/world/organisations,
http://www.fco.gov.uk/en/travel-and-living-abroad/find-an-embassy/sub-saharan-africa/liberia/,https://www.gov.uk/government/world/organisations,
http://www.fco.gov.uk/en/travel-and-living-abroad/find-an-embassy/sub-saharan-africa/malawi/,https://www.gov.uk/government/world/organisations,
http://www.fco.gov.uk/en/travel-and-living-abroad/find-an-embassy/sub-saharan-africa/mali/,https://www.gov.uk/government/world/organisations,
http://www.fco.gov.uk/en/travel-and-living-abroad/find-an-embassy/sub-saharan-africa/niger/,https://www.gov.uk/government/world/organisations,
http://www.fco.gov.uk/en/travel-and-living-abroad/find-an-embassy/sub-saharan-africa/rwanda/,https://www.gov.uk/government/world/organisations,
http://www.fco.gov.uk/en/travel-and-living-abroad/find-an-embassy/sub-saharan-africa/sao-tome-and-principe/,https://www.gov.uk/government/world/organisations,
http://www.fco.gov.uk/en/travel-and-living-abroad/find-an-embassy/sub-saharan-africa/senegal/,https://www.gov.uk/government/world/organisations,
http://www.fco.gov.uk/en/travel-and-living-abroad/find-an-embassy/sub-saharan-africa/seychelles/,https://www.gov.uk/government/world/organisations,
http://www.fco.gov.uk/en/travel-and-living-abroad/find-an-embassy/sub-saharan-africa/sierra-leone/,https://www.gov.uk/government/world/organisations,
http://www.fco.gov.uk/en/travel-and-living-abroad/find-an-embassy/sub-saharan-africa/somalia/,https://www.gov.uk/government/world/organisations,
http://www.fco.gov.uk/en/travel-and-living-abroad/find-an-embassy/sub-saharan-africa/south-sudan/,https://www.gov.uk/government/world/organisations,
http://www.fco.gov.uk/en/travel-and-living-abroad/find-an-embassy/sub-saharan-africa/sudan/,https://www.gov.uk/government/world/organisations,
http://www.fco.gov.uk/en/travel-and-living-abroad/find-an-embassy/sub-saharan-africa/trade-investment/,https://www.gov.uk/government/world/organisations,
http://www.fco.gov.uk/en/travel-and-living-abroad/find-an-embassy/sub-saharan-africa/trade-investment-durban/,https://www.gov.uk/government/world/organisations,
http://www.fco.gov.uk/en/travel-and-living-abroad/find-an-embassy/sub-saharan-africa/zambia/,https://www.gov.uk/government/world/organisations,
https://www.gov.uk/foreign-travel-advice/united-states,https://www.gov.uk/foreign-travel-advice/usa,
